一直掉髮很困擾？醫：手抓頭髮 掉「這根數」以下算正常！護髮10招快學起來,https://health.tvbs.com.tw/regimen/337965,醫療,醫療焦點,,
2/15星象瀰漫自由氣氛 金牛偏財運旺 「2星座」獲小獎小財 摩羯得到愛的力量,https://health.tvbs.com.tw/life/337955,樂生活,命理星座,,
大便硬又放臭屁？營養師推早上「喝這物」有效通便！便祕大不出來、大便太黏靠飲食有解,https://health.tvbs.com.tw/regimen/337964,養生,養生保健,,
喉嚨卡卡不是感冒！5種成因最常見 吳明珠授1茶飲去除喉間異物感,https://health.tvbs.com.tw/review/337962,影音,節目精華,中醫,藥膳茶飲
星雲大師火化留七彩琉璃光舍利 舍利子是什麼？醫：舍利子不是腎結石！權威期刊給答案！,https://health.tvbs.com.tw/life/337918,醫療,健康星聞,,
微創手術搶救出血性腦中風 AI幫大忙！快速掌握出血量及位置 轉診無縫接軌,https://health.tvbs.com.tw/medical/337961,醫療,醫療焦點,,
教養寵物有撇步！專家建議2招有效教養寵物 別再怕狗、貓亂咬,https://health.tvbs.com.tw/review/337960,影音,節目精華,樂生活,過好日子
癱瘓1周緊急就醫！70歲婦竟查出「乳癌轉移脊椎」手術配復健重拾行走能力,https://health.tvbs.com.tw/medical/337959,醫療,醫療焦點,,
糖尿病與C肝常相伴！醫籲糖友及早篩檢 3大學會聯手發表全球首份「治療指引」,https://health.tvbs.com.tw/medical/337952,醫療,醫療焦點,,
常吃B群會上癮或產生依賴性？營養師解答！「這樣搭配」有助身體康復,https://health.tvbs.com.tw/nutrition/337951,營養,營養對策,,
滋補聖品「甲魚」男女都超適合吃！甲魚養顏、補養血液、化瘀血 這樣挑最安全,https://health.tvbs.com.tw/nutrition/337950,營養,挑好食材,,
海綿菜瓜布正確用法曝光！家事達人曝4種餐具不可用菜瓜布刷洗 當心細菌吃下肚,https://health.tvbs.com.tw/life/337949,樂生活,過好日子,,
番茄補心、核桃補腦是真的！專家揭8蔬果「以形補形」 吃這菜防骨鬆、1水果護子宮,https://health.tvbs.com.tw/regimen/337947,營養,挑好食材,,
確診後得「長新冠」會好嗎？營養師曝3食療 強化肺部防護，提高免疫力,https://health.tvbs.com.tw/regimen/337945,營養,營養對策,,
盯著蠟燭看10分鐘可消除壓力！每天給自己「Me time」提升免疫力、紓壓,https://health.tvbs.com.tw/medical/337948,樂生活,心靈雞湯,,
有肝硬化、癌症病史40歲男 腹痛、呼吸喘發現癌復發 住院後因確診併敗血性休克去世,https://health.tvbs.com.tw/medical/337944,醫療,防疫快遞,,
61歲男長期胃痛、背痛竟是罹患「癌王」胰臟癌！醫曝5症狀小心胰臟出問題了,https://health.tvbs.com.tw/medical/337946,癌症,抗癌醫學,,
有脂肪肝怎麼辦？脂肪肝變肝癌只要3步！吃這個幫助肝臟恢復、代謝解毒,https://health.tvbs.com.tw/medical/337942,營養,營養對策,,
名嘴糖尿病，心臟、腎臟都出問題！下車突倒下送醫不治 定期洗腎注意2狀況恐發生危險,https://health.tvbs.com.tw/medical/337943,醫療,健康星聞,,
想肥爆女友 就送這款熱銷巧克力！巧克力要「這時間吃」才能緩解經痛,https://health.tvbs.com.tw/nutrition/337941,營養,挑好食材,,
智利「毒櫻桃」再攔截120噸！泡麵驗出「致癌農藥」越南西洋芹7種農藥超標,https://health.tvbs.com.tw/medical/337940,營養,食安陷阱,,
無麩質飲食助減重？零麩質更健康？營養師破迷思 「這類人」不吃反失4關鍵營養來源,https://health.tvbs.com.tw/regimen/337939,養生,聰明減肥,,
新冠確診，五十肩會更痛！這3動作最傷肩 別晾衣服了 醫師推薦1招減少肩部損傷,https://health.tvbs.com.tw/medical/337938,醫療,醫療焦點,,
天冷眩暈小心是腦中風前兆！急性中風來得快怎麼判斷？視力這異樣要警覺,https://health.tvbs.com.tw/medical/337937,醫療,醫療焦點,,
膠原蛋白推薦這樣吃！營養師推1招補充膠原蛋白最有效 搭配1食物吸收效果大增,https://health.tvbs.com.tw/nutrition/337936,營養,營養對策,,
不用的皮夾如何處置？命理專家曝5大錢包招財祕招 做錯1事財氣耗盡又破財,https://health.tvbs.com.tw/life/337935,樂生活,命理星座,,
2023年不能節食減肥的生肖！屬虎「病符」入宮、屬猴「死符」停留 要多吃助長福氣,https://health.tvbs.com.tw/life/337934,樂生活,命理星座,,
2/14今日星座運勢 情人節快樂！1星座桃花朵朵開 魔羯能用眼神征服情人,https://health.tvbs.com.tw/life/337933,樂生活,命理星座,,
這樣泡咖啡不苦澀！泡咖啡別犯3大NG動作 咖啡師教你泡出一杯會回甘的咖啡,https://health.tvbs.com.tw/nutrition/337929,樂生活,過好日子,,
情人節送禮這樣挑超貼心！男生助增肌減脂、防攝護腺癌 女生防骨鬆貧血、助通便,https://health.tvbs.com.tw/regimen/337932,營養,營養對策,,
貓咪也有糖尿病！醫提醒：貓咪出現「這動作」快就醫 胖貓更要注意,https://health.tvbs.com.tw/life/337930,樂生活,過好日子,,
「希望你們救更多的人」！白沙屯媽祖遶境第4度停童醫院，粉紅超跑停駕20分鐘,https://health.tvbs.com.tw/life/337931,樂生活,過好日子,,
不是小蘇打粉！「這清潔神物」每人家裡都有 清砧板、去咖啡漬、通水管、洗衣去污都靠它,https://health.tvbs.com.tw/life/337926,樂生活,過好日子,,
洪榮宏、屈中恆都爆痔瘡出血！大便超過10分鐘就別大了！溫鹽水、咖啡、奶茶助排便,https://health.tvbs.com.tw/medical/337928,醫療,健康星聞,,
最強飲食法駕到！地中海飲食配健康餐盤 有效降膽固醇幫助減肥,https://health.tvbs.com.tw/nutrition/337927,營養,營養對策,,
黑木耳預防動脈硬化、降低膽固醇！4大好處尤其護心、清血管 「曬過」更補鈣,https://health.tvbs.com.tw/nutrition/337925,營養,挑好食材,,
市占第1「這款」抗生素注射劑混入類固醇 緊急回收1批號1萬劑,https://health.tvbs.com.tw/medical/337924,醫療,醫療焦點,,
吃「黑巧克力」提升記憶力、防中風！醫曝黑巧克力的5大好處 3種人要留意,https://health.tvbs.com.tw/nutrition/337921,營養,挑好食材,,
她血壓失控飆高掛急診 元凶竟是「這食物」！心臟權威：戒2習慣改善血壓升高,https://health.tvbs.com.tw/medical/337923,醫療,醫療焦點,,
雨水節氣到！中醫教1訣竅祛濕調胃 養生美食加穴位按摩更有效,https://health.tvbs.com.tw/regimen/337922,中醫,藥膳茶飲,中醫,穴位保健
陳文茜免疫攻擊腦部曝近況！分享2招發燒自救法 醫師揭1招退燒更有效,https://health.tvbs.com.tw/medical/337920,醫療,健康星聞,,
曾胖到129公斤！白雲「4個月瘦40公斤」靠這招 專家授5動作改善消化、不做恐復胖,https://health.tvbs.com.tw/review/337917,影音,節目精華,養生,聰明減肥
貧血吃麻辣鍋！鴨血可補血、「蛋白質」比例不輸雞胸肉 醫曝鴨血3大好處,https://health.tvbs.com.tw/nutrition/337916,營養,挑好食材,,
本土疫情連10降，確診輕症這時機「0+N」！台灣確診死亡居高不下、雙北冰櫃不夠用？,https://health.tvbs.com.tw/medical/337919,醫療,防疫快遞,,
燕麥奶好處是什麼？喝燕麥奶能降膽固醇？醫：這「3款」燕麥控膽固醇才有效,https://health.tvbs.com.tw/nutrition/337915,營養,挑好食材,,
補過頭會爛臉！醫師揭3種皮膚病在大補後易出現 進補或禁補看這裡,https://health.tvbs.com.tw/medical/337914,醫療,醫療焦點,,
唐玲自曝是幽門桿菌治不好的1％「天選之人」！3原因恐抗菌失敗，醫教1法抗菌成功,https://health.tvbs.com.tw/medical/337913,醫療,健康星聞,,
單身狗情人節財運旺！3星座、3生肖不被另一半帶賽 業績爆棚 買什麼賺什麼,https://health.tvbs.com.tw/life/337912,樂生活,命理星座,,
這樣喝咖啡更有效提神！咖啡因如何作用？「１招」保證有效改善昏昏欲睡,https://health.tvbs.com.tw/medical/337911,營養,營養對策,,
白巧克力不是真的巧克力！營養師曝2種巧克力多吃不健康 1吃法防心腦血管退化,https://health.tvbs.com.tw/nutrition/337910,營養,挑好食材,,
婦人血糖狂飆 禍首竟是「這早餐」！醫師「祕密菜單」成功穩血糖還增肌減脂,https://health.tvbs.com.tw/medical/337908,營養,營養對策,,
和長輩總是雞同鴨講？台大名醫揭老年聽損溝通技巧 「大小聲」更聽不清楚,https://health.tvbs.com.tw/review/337895,影音,名醫觀點,樂生活,過好日子
午後變天！強冷空氣＋雨彈再襲「最低探8度」 情人節全台急凍、回暖時間曝光,https://health.tvbs.com.tw/life/337909,樂生活,過好日子,,
2023年12生肖桃花位大公開！命理專家曝情人節「地雷時機」 這樣做招貴人運、提升事業運,https://health.tvbs.com.tw/life/337907,樂生活,命理星座,,
2/13今日星座運勢 日落前搞定重要事情！1星座股票可獲利,https://health.tvbs.com.tw/life/337906,樂生活,命理星座,,
53歲男心腎衰竭險喪命全是2習慣惹禍！醫勸：「這食物」傷腎又傷心 少吃為妙,https://health.tvbs.com.tw/medical/337905,醫療,醫療焦點,,
雞蛋今起漲價！每台斤漲2元 重回史上高點 農委會：透過通路推平價專區,https://health.tvbs.com.tw/life/337904,樂生活,過好日子,,
情人節禮物送什麼好？別送鞋！專家揭送禮11大禁忌：小心感情留不住,https://health.tvbs.com.tw/life/337903,樂生活,命理星座,,
本土今+16902、57例死 周確診數-24.7%！20多歲男「腦動脈瘤破裂合併新冠」死亡,https://health.tvbs.com.tw/medical/337901,醫療,防疫快遞,,
2023年2/12～2/18一周生肖運勢 雞、豬、蛇最好運 龍忌作保、猴別跟風投資,https://health.tvbs.com.tw/life/337887,樂生活,命理星座,,
2/12星座運勢：貴人、財運、幸運色全解析！雙子投資眼光好 天蠍有異性緣,https://health.tvbs.com.tw/life/337897,樂生活,命理星座,,
毛孩屁股掛白線！韋汝「徒手拉出一條蟲」嚇壞急送醫《健康2.0》首推「寵物醫療」獲好評,https://health.tvbs.com.tw/life/337900,樂生活,過好日子,,
本土個案增1.8萬例！40多歲特殊死亡個案 有肝硬化、膽結石病史,https://health.tvbs.com.tw/medical/337899,醫療,防疫快遞,,
2/11今日運勢 4星座可多方進財，4星座愛情運勢旺！這星座有豔遇、水瓶遇見濃濃愛情,https://health.tvbs.com.tw/life/337894,樂生活,命理星座,,
水果煮過營養流失？「這4種水果」加熱營養功效更加倍 止咳、降血壓膽固醇還助通便,https://health.tvbs.com.tw/regimen/337896,營養,營養對策,,
保鮮膜這樣用 毒吞下肚！專家警告：別再用2款超毒保鮮膜 2招排出體內塑化劑,https://health.tvbs.com.tw/life/337891,營養,食安陷阱,,
身體好痠是「筋膜痛」？筋膜槍、筋膜刀、滾筒 怎麼用能放鬆？用錯小心更痛！,https://health.tvbs.com.tw/regimen/337890,養生,養生保健,,
情人節這樣吃不怕胖！營養師授7飲食攻略 巧克力、牛排選「這款」更健康,https://health.tvbs.com.tw/nutrition/337892,營養,營養對策,,
她每天一杯奶茶竟變成這樣！中醫師的養胃大法：這些食物絕對不碰,https://health.tvbs.com.tw/regimen/337889,養生,養生保健,,
哪種運動瘦身效果最好？重訓、跑步都輸了 運動醫學權威曝「最強燃脂運動」,https://health.tvbs.com.tw/regimen/337885,運動,健身運動,,
老年人血壓可以高一點？60歲到80歲血壓標準是多少？心臟權威解答了！,https://health.tvbs.com.tw/medical/337884,醫療,醫療焦點,,
本土今增19309、70死 40多歲女確診當日亡 疫苗接種次世代占8成,https://health.tvbs.com.tw/medical/337883,醫療,防疫快遞,,
婦吃豬腳、木耳、秋葵想補皮膚膠原 抽血膽固醇竟爆表！營養師戳謊言：植物沒膠原蛋白,https://health.tvbs.com.tw/nutrition/337882,營養,營養對策,,
漱口水除口臭防菌從口入？醫揭天天用漱口水反而更傷牙！「這頻率」就夠了,https://health.tvbs.com.tw/medical/337881,樂生活,過好日子,,
喝拿鐵比較不傷胃？大錯特錯！喝咖啡會骨鬆嗎？會掉髮嗎？江P教你喝咖啡不骨鬆,https://health.tvbs.com.tw/review/337880,影音,江P醫件事,營養,營養對策
退化性關節炎「刮痧」也能改善！下半身3部位刮痧法 一次解決腳腫、膝無力、手腳冰冷,https://health.tvbs.com.tw/review/337877,影音,如果云知道,中醫,中醫治病
更年期突然大出血？幾歲停經可以預測？日醫一張圖教妳算,https://health.tvbs.com.tw/medical/337878,醫療,醫療焦點,,
醫警告：顏面神經麻痺好發季來臨！為何會突然臉歪嘴斜？失眠、睡不好當心了,https://health.tvbs.com.tw/medical/337876,醫療,醫療焦點,,
天冷小心骨折！醫警告天冷「致命3危機」：這些症狀馬上急診,https://health.tvbs.com.tw/medical/337879,醫療,醫療焦點,,
土耳其地震「捐款、捐物資」管道一次看！四大超商、手機APP都能捐款,https://health.tvbs.com.tw/life/337875,樂生活,過好日子,,
情人節恰逢上好吉日！命理師授脫單祕訣「這時間」做2事 桃花朵朵開,https://health.tvbs.com.tw/life/337874,樂生活,命理星座,,
命理專家曝「12大臥室禁忌」！床頭、床墊這樣擺 當心破財、感情失和、健康有問題,https://health.tvbs.com.tw/life/337873,樂生活,命理星座,,
命理師曝2023年各行業「居家、辦公室財位」！1招匯聚天地八方財,https://health.tvbs.com.tw/life/337872,樂生活,命理星座,,
2/10今日星座運勢 射手遇見更美愛情 「這星座」將遇到金主、2星座財運穩定成長,https://health.tvbs.com.tw/life/337871,樂生活,命理星座,,
中醫教1招自測肌肉量！超強運動處方可預防「肌少症」 肌肉不夠會老更快,https://health.tvbs.com.tw/regimen/337867,養生,養生保健,,
心肌梗塞／中醫如何治心痛胸痹？2茶飲護心降血脂 4穴道幫心臟補氣血,https://health.tvbs.com.tw/encyclopedia/337868,醫學百科,,,
心肌梗塞／心梗會好嗎？如何救治？藥物、心導管、自救法一次看,https://health.tvbs.com.tw/encyclopedia/337869,醫學百科,,,
心肌梗塞／患者日常要注意什麼？什麼食物不能吃？發病後心肺復健3階段,https://health.tvbs.com.tw/encyclopedia/337866,醫學百科,,,
心肌梗塞／脾氣不好的人危險了！心梗7大危險因子 符合3項就是高危險群,https://health.tvbs.com.tw/encyclopedia/337865,醫學百科,,,
心肌梗塞／半數猝死都是它的錯！為什麼會發生心肌梗塞？注意7大危險症狀,https://health.tvbs.com.tw/encyclopedia/337863,醫學百科,,,
如何在短時間內「爆汗燃脂」？3招間歇性運動快收下 提升30％減脂效果,https://health.tvbs.com.tw/review/337861,影音,節目精華,運動,健身運動
吃紅棗補氣養血？中醫推4款簡易紅棗茶安眠明目、治經痛 這類人小心愈喝愈糟,https://health.tvbs.com.tw/regimen/337864,中醫,藥膳茶飲,,
大腸直腸癌再奪命！何時該作腸癌篩檢？醫揭3關鍵時機「這族群」青春期就該檢查,https://health.tvbs.com.tw/medical/337862,醫療,醫療焦點,,
雞蛋買回家要洗嗎？蛋哪邊朝上放？肉品如何保存？譚敦慈：這步做錯 壞得快,https://health.tvbs.com.tw/review/337854,影音,挖健康,樂生活,過好日子
吃栗子防骨鬆、補腎氣、健腸胃！醫曝栗子7大功效 還能改善你的攝護腺肥大,https://health.tvbs.com.tw/regimen/337859,營養,挑好食材,,
破萬例！台灣每6檯達文西手術1檯是長庚開的！「人眼合一」看得更清楚、切除更乾淨,https://health.tvbs.com.tw/medical/337858,醫療,醫療焦點,,
衣服真的洗乾淨了？洗前漏1動作恐越洗越髒！烘衣用「這溫度」殺菌最有效,https://health.tvbs.com.tw/life/337857,樂生活,過好日子,,
六都醫學中心「急診亮紅燈」！醫示警：嚴重嘔吐腸胃炎塞爆急診 心梗、中風、感染症夾擊,https://health.tvbs.com.tw/medical/337855,醫療,醫療焦點,,
食物吞不了喝水卻沒問題？這是「主動脈性吞嚥困難」惹禍！醫提這些人要注意,https://health.tvbs.com.tw/medical/337856,醫療,醫療焦點,,
年紀大血壓140是高血壓？高血壓沒不舒服需要吃藥嗎？台大心臟科權威破解3大高血壓迷思,https://health.tvbs.com.tw/medical/337853,醫療,醫療焦點,,
台大醫警告8種人室內不要脫口罩 這種人戶外也要戴口罩,https://health.tvbs.com.tw/medical/337678,醫療,防疫快遞,,
室內脫口罩2/20開始分場所放寬！「這時間」起教室裡可免戴口罩,https://health.tvbs.com.tw/medical/337852,醫療,防疫快遞,,
中醫教1茶飲2穴位 幫你在春季疏肝健脾！「這些」別多吃當心消化更差,https://health.tvbs.com.tw/regimen/337851,中醫,藥膳茶飲,中醫,穴位保健
子宮長29顆肌瘤 單親媽長期貧血昏倒急送醫！子宮肌瘤小毛病恐成大問題,https://health.tvbs.com.tw/medical/337850,醫療,醫療焦點,,
蜂蜜止咳、護心、治便祕！中醫推搭配5食材 暖胃潤肺、清肝明目效果加倍,https://health.tvbs.com.tw/regimen/337849,中醫,藥膳茶飲,,
30歲女胃食道逆流，停藥就復發！靠「3招」免手術順利痊癒,https://health.tvbs.com.tw/medical/337848,醫療,醫療焦點,,
腹脹、噁心、常打嗝 婦女不適才1個月，就醫已是癌症末期！小腸被腫瘤塞爆,https://health.tvbs.com.tw/medical/337847,醫療,醫療焦點,,
好照顧又招財！8種室內植物自帶福運、興旺家宅 這1種隨便種隨便活,https://health.tvbs.com.tw/life/337846,樂生活,過好日子,,
「紅麴、納豆、Q10」3大護心神物功效曝光！紅麴降血脂、它防骨鬆還清血管,https://health.tvbs.com.tw/nutrition/337832,營養,營養對策,,
頭痛不能吃橘子、別喝優酪乳！醫曝「4類易引起頭痛食物」 4招改善頭痛,https://health.tvbs.com.tw/medical/337845,養生,養生保健,,
「微笑超慢跑」能瘦身、紓壓！骨質疏鬆、膝蓋退化都能跑 醫師詳解5要點,https://health.tvbs.com.tw/regimen/337843,運動,健身運動,,
6種地瓜營養大公開！瘦身、護眼、抗氧化選這種地瓜 1吃法排便超順暢,https://health.tvbs.com.tw/nutrition/337842,營養,挑好食材,,
2/9星座運勢 射手財運有貴人、雙子求財超好！「這星座」出門會撿到錢,https://health.tvbs.com.tw/life/337841,樂生活,命理星座,,
沒看不知道！體重沒降瘦不下來的5個原因：尤其是吃太少！醫教「82法則」突破瓶頸,https://health.tvbs.com.tw/regimen/337840,養生,聰明減肥,,
「增肌減脂」多吃蛋白質反而糟？專家揭高蛋白飲食陷阱 忽略1關鍵身體壞更快,https://health.tvbs.com.tw/regimen/337839,養生,聰明減肥,,
他19歲就失智常忘記吃飯！醫曝3原因年輕人易失智 這樣做避免失智惡化,https://health.tvbs.com.tw/medical/337837,醫療,醫療焦點,,
陳亞蘭自曝二尖瓣脫垂「心臟快從嘴巴跳出來」！這些症狀可能是心律不整,https://health.tvbs.com.tw/medical/337836,醫療,健康星聞,,
沒手機就活不下去？美女醫師揭「手機過度依賴」6特徵 別被網路綁架,https://health.tvbs.com.tw/life/337838,樂生活,過好日子,,
新冠染疫後罹患免疫疾病風險增3倍！醫揭出現「這些症狀」快就醫,https://health.tvbs.com.tw/medical/337835,醫療,防疫快遞,,
食譜／愛吃秋刀魚又怕細刺？主廚1神招化骨刺 維生素D預防細胞病變遠離癌－茶香化骨秋刀魚,https://health.tvbs.com.tw/nutrition/337834,食譜,滋補菜,,
真的會嗨到掛！情緒激動持續2小時 心病風險翻3倍 快按4穴位救命,https://health.tvbs.com.tw/review/337833,影音,節目精華,中醫,穴位保健
保養聽力防失智！簡單1功法護耳兼顧腦、增強記憶 多做2按摩加碼改善頭痛,https://health.tvbs.com.tw/regimen/337831,養生,養生保健,,
眼角膜感染變青光眼 61歲男幾乎失明！超細導管救視力 健保有條件給付,https://health.tvbs.com.tw/medical/337830,醫療,醫療焦點,,
愛吃「這一物」恐得食道癌！食道癌除了吞嚥卡卡，還有哪些症狀？,https://health.tvbs.com.tw/medical/337829,醫療,醫療焦點,,
吳明珠傳授止咳祕技！按壓、熱敷或刮痧3穴位 速效排痰、止咳、養肺,https://health.tvbs.com.tw/review/337828,影音,節目精華,中醫,穴位保健
治療退化性關節炎靠「鐵三角」！醫警告關節傷害不可逆 這兩項絕不可少,https://health.tvbs.com.tw/medical/337827,醫療,醫療焦點,,
盛竹如82歲三高消失、身體硬朗祕訣公開！每天必做1事活筋骨又通血路,https://health.tvbs.com.tw/regimen/337826,養生,名人養生,,
22歲男吃麻辣鍋中風！眼前突一片黑嚇壞 醫示警有這2徵兆速就醫、錯過黃金期恐失明,https://health.tvbs.com.tw/review/337825,影音,節目精華,醫療,醫療焦點
樂團主唱青峰「一夜完全失聲」！感冒後失聲怎麼辦？醫師教1招治癒,https://health.tvbs.com.tw/medical/337824,醫療,健康星聞,,
本土新增23893、54死 40多歲男肝硬化「解黑便」確診當天即死亡,https://health.tvbs.com.tw/medical/337823,醫療,防疫快遞,,
你需要打帶狀皰疹疫苗？2種帶狀皰疹疫苗怎麼選？醫建議這種人優先考慮,https://health.tvbs.com.tw/medical/337822,醫療,醫療焦點,,
台產藍莓小7也買得到！「昨天還在樹上」今天就在你嘴裡！可控糖、護眼，像超級維他命丸,https://health.tvbs.com.tw/nutrition/337821,營養,挑好食材,,
眼乾澀吃葉黃素？吃錯成分根本無效！營養師教你吃對「護眼營養素」,https://health.tvbs.com.tw/nutrition/337820,營養,營養對策,,
春天養肝「1碗蛋花湯」就能辦到！中醫推加2菜健脾補肺、護眼防癌又降血壓,https://health.tvbs.com.tw/regimen/337819,中醫,藥膳茶飲,,
便祕、腹脹、大便臭？懶人必學1招「腸道重啟法」 2天讓腸道乾淨、遠離大腸癌,https://health.tvbs.com.tw/medical/337818,養生,養生保健,,
「這一杯」提高專注力 比咖啡因更有效！還能穩定新陳代謝 身體也暖起來,https://health.tvbs.com.tw/regimen/337817,營養,營養對策,,
補充維生素D可降低糖尿病風險！醫曝1種人最需要 維生素D怎麼吃不傷身？,https://health.tvbs.com.tw/medical/337816,營養,營養對策,,
葉黃素、鈣片、魚油能一起吃嗎？「5種組合」保健食品別一起吃：吸收率大減,https://health.tvbs.com.tw/nutrition/337815,營養,營養對策,,
名醫成功逆轉糖尿病前期！三餐這樣吃狂瘦24公斤 體脂降到20％,https://health.tvbs.com.tw/medical/337814,養生,名人養生,,
2/8星座運勢激情多變 水瓶邂逅有緣人 「這星座」接到大訂單 魔羯收割高獲利,https://health.tvbs.com.tw/life/337778,樂生活,命理星座,,
中醫教2粥1茶飲 「養好」胃食道逆流！遠離誘發胃酸食物 預防癌病變,https://health.tvbs.com.tw/regimen/337813,中醫,藥膳茶飲,,
更年期愈晚到愈好？停經後出血小心癌變！醫破解更年期4大迷思 喝豆漿不致癌反有這好處,https://health.tvbs.com.tw/review/337812,影音,如果云知道,醫療,醫療焦點
女星忽略身體警訊，被醫師警告「再擺爛就是子宮頸癌」！1招預防方法快學,https://health.tvbs.com.tw/medical/337811,營養,營養對策,,
陳亞蘭宣布喜訊終於「嫁」了！金鐘視帝曝：因為拍攝過程非常愉快,https://health.tvbs.com.tw/life/337810,樂生活,過好日子,,
補鈣效果超越牛奶！醫大推2食物才是補鈣聖品 黑木耳1吃法預防骨鬆超有效,https://health.tvbs.com.tw/nutrition/337809,營養,營養對策,,
吳明珠教「揉腹強身操」防病又治病！3招日常保養強肺、防感冒,https://health.tvbs.com.tw/review/337807,影音,節目精華,中醫,穴位保健
角膜神經受損有救！取代百萬眼藥水 台大首創電紡紗人工角膜 修復力達9成,https://health.tvbs.com.tw/medical/337808,醫療,醫療焦點,,
吃巧克力能減肥？醫曝：只要有「這些」 吃100%黑巧克力也會發胖,https://health.tvbs.com.tw/nutrition/337806,養生,聰明減肥,,
戲劇女神罹患「甲狀腺瘤」，裡面全是肉！惡性機率較高 大於4公分還可能是癌,https://health.tvbs.com.tw/medical/337804,醫療,健康星聞,,
強冷空氣要來了！直逼寒流「低溫探8度」連凍3天 專家示警時間點,https://health.tvbs.com.tw/life/337803,樂生活,過好日子,,
孫翠鳳患退化性關節炎「膝蓋軟骨全磨損了」！5招逆轉關節炎 4食物修復軟骨,https://health.tvbs.com.tw/medical/337802,醫療,健康星聞,,
吃素害洗腎？星雲大師晚年洗腎跟長年素食有關？醫：這樣吃延緩腎病變,https://health.tvbs.com.tw/nutrition/337805,醫療,健康星聞,,
情人節急救！醫授5食物快速消水腫 搭配睡前1動作「一周見效」,https://health.tvbs.com.tw/regimen/337801,養生,聰明減肥,,
皮膚粗糙、乾又癢怎麼辦？「維生素A」懶人包快收！1吃法更有效吸收,https://health.tvbs.com.tw/nutrition/337799,營養,營養對策,,
《花系列》王淑娟64歲超凍齡不吃7食物！營養師曝「熟齡長壽飲食」 遠離肥胖、癌症、糖尿病,https://health.tvbs.com.tw/nutrition/337800,養生,名人養生,,
入境旅客「0+7」外出先快篩今起取消！本土+22980、45死 40多歲男確診當日死亡,https://health.tvbs.com.tw/medical/337798,醫療,防疫快遞,,
44歲消防小隊長體格精壯卻中風！除了泡湯 「這招」有助降血壓 對抗濕寒之氣,https://health.tvbs.com.tw/review/337797,影音,節目精華,運動,氣功調氣
炒菜鍋怎樣選最健康？營養師大推「這款鍋」沒塗層、不沾鍋 不怕吃進毒素,https://health.tvbs.com.tw/regimen/337796,樂生活,過好日子,,
智利櫻桃連9批農藥超標 123公噸退運銷毀！印尼泡麵再檢出致癌農藥,https://health.tvbs.com.tw/medical/337795,營養,食安陷阱,,
食譜／甜菠菜不是菠菜！護眼補鈣好處多、加蛋更養眼 滑蛋要成功把握5祕訣－甜菠菜滑蛋海鮮,https://health.tvbs.com.tw/nutrition/337793,食譜,滋補菜,影音,節目精華
20歲女小感冒竟截肢！心肌炎致心臟衰竭，裝葉克膜也沒用！醫：流感、新冠、腸病毒都很危險,https://health.tvbs.com.tw/medical/337794,醫療,醫療焦點,,
美國心臟學會：防止心血管疾病的7個祕密！為什麼每天做瑜伽還是容易喘？,https://health.tvbs.com.tw/medical/337791,養生,養生保健,,
維他命E可改善脂肪肝！醫曝2種食物維生素E最豐富 解決脂肪肝靠2招最有效,https://health.tvbs.com.tw/nutrition/337792,營養,營養對策,,
皮膚癢擦萬金油、綠油精、百靈油？小心越擦越癢！敏感肌要選這「4種成分」抗發炎止癢,https://health.tvbs.com.tw/medical/337790,養生,養生保健,,
「紅石榴」預防癌症、逆轉心血管疾病！醫曝紅石榴功效 最推1吃法腸道不發炎,https://health.tvbs.com.tw/nutrition/337788,營養,挑好食材,,
吃什麼能排膽結石？醫曝3情況須手術 膽結石愛找7種人,https://health.tvbs.com.tw/medical/337787,醫療,醫療焦點,,
2/7今日星座運勢 今日交易繁忙 保持冷靜與耐心 1星座買樂透有收穫,https://health.tvbs.com.tw/life/337786,樂生活,命理星座,,
肚子又肥一圈？多吃這種顏色蔬菜 減少內臟脂肪！專家5招甩脂肪肝、腹部肥胖,https://health.tvbs.com.tw/regimen/337785,養生,養生保健,,
4生肖運勢翻升 兔財運緩解 蛇貴人運高升「2生肖」好運延續整個上半年,https://health.tvbs.com.tw/life/337784,樂生活,命理星座,,
素食外食吃對沒？2大超商蔬食熱量排行曝！小心5陷阱「愈吃愈胖」 吃素把握6原則更健康,https://health.tvbs.com.tw/nutrition/337783,營養,營養對策,,
毛孩離不開你還整日亂叫？當心是罹患「分離焦慮」打罵只會更嚴重,https://health.tvbs.com.tw/life/337782,樂生活,命理星座,,
流感、新冠、呼吸道病毒，所有疫苗只需打1針！mRNA疫苗未來可望「10合1」,https://health.tvbs.com.tw/medical/337781,醫療,防疫快遞,,
妙齡女2個月瘦10公斤，咳嗽竟漏尿！雷射效果快、要付費！醫教練1功2個月見效免費,https://health.tvbs.com.tw/medical/337780,養生,養生保健,,
營養棒怎麼吃最健康？營養師教你什麼時候吃最省熱量 適量吃是關鍵,https://health.tvbs.com.tw/nutrition/337779,營養,營養對策,,
食譜／肌肉總是鬆垮垮？補骨要多補「它」，牛筋含這物有滋潤效果！－醬燒腐乳燴牛筋,https://health.tvbs.com.tw/nutrition/337776,食譜,滋補菜,影音,節目精華
地瓜葉只排第5！這些「非深綠色蔬菜」不僅超高纖 還可補鈣、強化免疫、護膚、助消炎,https://health.tvbs.com.tw/nutrition/337775,營養,挑好食材,,
67歲苦苓血糖、血脂都正常原來這樣吃！台大醫推3食物超健康 逆轉三高先做這件事,https://health.tvbs.com.tw/medical/337774,醫療,健康星聞,,
吃抗病毒藥3個月以為C肝痊癒了 他竟然得肝癌！醫曝原因沒做這2事,https://health.tvbs.com.tw/medical/337777,醫療,醫療焦點,,
買刮刮樂輸慘還想砸錢翻本 男與妻吵架竟心臟病發！心肌梗塞危險因子曝光,https://health.tvbs.com.tw/medical/337773,醫療,醫療焦點,,
6訣竅教你從「腸」換膚！醫揭衰老、長痘痘、過敏 竟與腸道健康有關,https://health.tvbs.com.tw/regimen/337772,養生,養生保健,,
坐姿不良傷腰椎！醫師警告別再「盤腿坐」 小心水桶腰、椎間盤突出,https://health.tvbs.com.tw/medical/337771,醫療,醫療焦點,,
體育老師天天運動體脂竟25％！這樣吃4個月狂瘦20公斤、逆齡22歲,https://health.tvbs.com.tw/nutrition/337770,養生,聰明減肥,,
鄭秀文「3日軍人餐」一周甩6公斤！菜單曝光竟可吃冰淇淋、香腸？營養師揭長期恐爆5反效果,https://health.tvbs.com.tw/regimen/337769,養生,名人養生,,
67歲中研院院士朱雲漢直腸癌逝世！營養師曝預防大腸癌飲食 少碰3種罹癌食物,https://health.tvbs.com.tw/nutrition/337767,醫療,健康星聞,,
石崇良接任健保署長！將立即解決5大問題 曝健保部分負擔上路時程,https://health.tvbs.com.tw/medical/337766,醫療,醫療焦點,,
年後首度少於2萬！本土+16391、63死 爆首例XBB.1.5！20多歲男加拿大返台,https://health.tvbs.com.tw/medical/337768,醫療,防疫快遞,,
平日常加班假日大爆睡 容易引發頭痛！醫勸改掉4習慣 減少疼痛干擾,https://health.tvbs.com.tw/medical/337765,養生,名人養生,,
陰雨天氣濕冷好厭世？季節性情緒失調易暴食！營養師授「3招」吃出愉快心情,https://health.tvbs.com.tw/nutrition/337764,營養,營養對策,,
星雲大師晚年洗腎、多次出入醫院！醫揭密10大常見傷腎排行榜 「久坐」也傷腎,https://health.tvbs.com.tw/medical/337763,醫療,健康星聞,,
一代大師殞落！星雲法師享97歲耆壽 傳遞養生4法：多果少糖、多嚼少食....保健康,https://health.tvbs.com.tw/regimen/337762,養生,名人養生,,
菱角防癌、改善胃潰瘍！研究揭：菱角的萃取成分可抑制癌細胞 這樣吃效果最好,https://health.tvbs.com.tw/nutrition/337761,營養,挑好食材,,
冬衣先別收！本周2鋒面接力、天氣彈跳式變化 強冷空氣來襲時間曝,https://health.tvbs.com.tw/life/337760,樂生活,過好日子,,
喝啤酒可以防失智？「這些人」喝酒小心易罹癌、失智,https://health.tvbs.com.tw/review/337757,影音,名醫觀點,醫療,醫療焦點
佛光山開山宗師星雲法師捨報圓寂，享耆壽97歲！曾言生命生生不息，下世還要當和尚,https://health.tvbs.com.tw/life/337759,樂生活,過好日子,,
2/6今日星座運勢 星象較兇，全天應以和為貴！1星座要控制購物慾,https://health.tvbs.com.tw/life/337758,樂生活,命理星座,,
2023年5生肖家中放2物化解犯太歲！命理師曝「居家安太歲開運法」平安一整年,https://health.tvbs.com.tw/life/337737,樂生活,命理星座,,
新冠疫情降溫？以周觀察仍在上升！7縣市病例破千 這縣市死亡人數最多,https://health.tvbs.com.tw/medical/337755,醫療,防疫快遞,,
2/5～2/11一周生肖運勢 虎、鼠、馬最好運 1生肖恐凶星財損,https://health.tvbs.com.tw/life/337741,樂生活,命理星座,,
2/5元宵12星座財運桃花曝光！2星座財運佳 雙子豔遇旺盛,https://health.tvbs.com.tw/life/337740,樂生活,命理星座,,
市占56%消炎止痛藥出包！食藥署下令回收衛達化學5款藥品 67.6萬顆,https://health.tvbs.com.tw/medical/337754,醫療,醫療焦點,,
元宵後3星座好運爆棚 雙子亮眼吸睛 魔羯貴人運強「第1名」有機會財產翻倍,https://health.tvbs.com.tw/life/337753,樂生活,命理星座,,
李玟曝左腿缺陷，害怕術後無法跳舞！這類疾病女性好發 醫師教3招自我檢查,https://health.tvbs.com.tw/medical/337751,醫療,健康星聞,,
臉腫、腳腫才發現腎衰竭還有救！8穴位、整脊可治「敗腎」！2/5「瘋中醫」名中醫親自教,https://health.tvbs.com.tw/regimen/337748,中醫,中醫治病,,
元宵節吃湯圓「冰火交替」好過癮？溫差劇烈牙裂了！牙髓發炎壞死痛爆,https://health.tvbs.com.tw/medical/337746,醫療,醫療焦點,,
打了3劑疫苗 30歲女染疫11天逝！全台7縣市病例仍破千，仍需勤洗手、注意防疫,https://health.tvbs.com.tw/medical/337745,醫療,防疫快遞,,
孩子精神不佳、頭痛、懶散是「開學症候群」惹禍！專家教4招助調整,https://health.tvbs.com.tw/kids/337743,養生,養生保健,,
台大名醫廖永祥癌逝17周年！愛女策展傳達思念 AI互動修習生命課題,https://health.tvbs.com.tw/medical/337742,醫療,健康星聞,,
大蒜助產熱還能護心！營養師推「發熱食物3元老」 喝這杯是保暖假象,https://health.tvbs.com.tw/nutrition/337739,營養,營養對策,,
水煎包還不夠爆卡？含餡美食熱量、油量排行曝 第1名看似不油竟超胖,https://health.tvbs.com.tw/nutrition/337738,營養,營養對策,,
立春少吃酸、要喝醋！中醫推薦2茶飲立春養生 梅酒、水果醋、檸檬水都好,https://health.tvbs.com.tw/medical/337736,中醫,藥膳茶飲,,
運動後痠痛不是乳酸堆積！肌肉痠痛和運動傷害怎麼分？醫師教你解痠痛,https://health.tvbs.com.tw/review/337735,影音,堡你平安,養生,養生保健
2023「元宵開運」拜天官紫微大帝！命理專家曝1招有求必應 求財、求平安、求姻緣都靈驗,https://health.tvbs.com.tw/life/337734,樂生活,命理星座,,
副院長揭最強防癌5招！冬季首推吃「最佳防癌食物」 預防乳癌、食道癌、大腸癌效果好,https://health.tvbs.com.tw/nutrition/337723,養生,名人養生,,
F級「最強奶媽」突發急性盲腸炎慘況曝！醫：壓肚反彈痛超危險！死亡風險激增,https://health.tvbs.com.tw/medical/337691,醫療,健康星聞,,
2/4補班有好運！12星座今日運勢公開 3星座財運旺、這星座做公益帶財運！,https://health.tvbs.com.tw/life/337733,樂生活,命理星座,,
醫曝長期間歇斷食對減肥無用！想真正掌握少量多餐 看的是「這些」,https://health.tvbs.com.tw/nutrition/337731,養生,聰明減肥,,
《東京愛情故事2020》男星驚傳「心內膜炎腦出血」！拔牙後1症狀要小心,https://health.tvbs.com.tw/medical/337729,醫療,健康星聞,,
年紀愈大皮膚愈薄，皮膚薄小心病變危機！醫師6招保養老年皮膚,https://health.tvbs.com.tw/medical/337728,養生,養生保健,,
不只魚類有！Omega-3護腦食物排行大公開 「素食前5名」含量全比鯖魚、鮭魚高,https://health.tvbs.com.tw/nutrition/337727,營養,挑好食材,,
吃飯老是掉筷子 就醫才知問題大！糖尿病神經病變手腳刺痛麻 拖太久難救治,https://health.tvbs.com.tw/medical/337726,醫療,醫療焦點,,
劉寶傑自曝「胸椎腫瘤」開刀，右腳無法離地10公分！這「3情況」要注意 神經遭破壞恐無力行走,https://health.tvbs.com.tw/medical/337725,醫療,健康星聞,,
毛孩「宅」出危機！醫提醒：貓狗運動量不足、體重飆升易有這毛病,https://health.tvbs.com.tw/review/337721,影音,節目精華,樂生活,過好日子
常染髮會變禿頭？當心頭髮愈染愈白！醫授5招養出「逆齡」頭皮,https://health.tvbs.com.tw/medical/337722,壯世代,減齡變年輕,,
省錢囉！2023現金回饋神卡榜！推薦10張2023年必入手現金回饋好用卡,https://health.tvbs.com.tw/life/337720,樂生活,過好日子,,
戲劇一哥驚爆心肌10公分腫瘤且已轉移！電視台證實手術順利，醫研判可能是「這病」,https://health.tvbs.com.tw/medical/337692,醫療,健康星聞,,
缺鈣不只骨鬆，皮膚也會乾癢！中醫教你先養腎留住鈣 吃「這顏色」養筋骨,https://health.tvbs.com.tw/medical/337724,養生,養生保健,,
63歲沈春華慢老凍齡靠「這運動」！醫師也大推：增肌減脂、提升心肺效果超好,https://health.tvbs.com.tw/regimen/337719,養生,名人養生,,
臉色蒼白頭暈疲倦你貧血嗎？貧血補鐵注意錯開「這些」飲料！維生素C會幫助吸收,https://health.tvbs.com.tw/medical/337718,營養,營養對策,,
半夜睡覺腳抽筋、手腳冰冷？中醫授泡腳「加2料」有效改善 3助眠操防抽筋,https://health.tvbs.com.tw/review/337717,影音,如果云知道,中醫,中醫治病
確診後小心血糖和膽固醇！研究發現：染疫恐增糖尿病、心臟危機,https://health.tvbs.com.tw/medical/337716,醫療,醫療焦點,,
館長突入院開刀 爆子彈碎片還在體內「每天傷都非常痛」,https://health.tvbs.com.tw/medical/337715,醫療,健康星聞,,
這種球類運動登上票房次高寶座 醫曝燃脂效果最強！林書豪因此翻轉命運 3招有效預防運動傷害,https://health.tvbs.com.tw/regimen/337714,養生,名人養生,,
今本土確診死亡增105例！20多歲女打3劑仍確診 短短4天病逝,https://health.tvbs.com.tw/medical/337711,醫療,防疫快遞,,
12星座二月運勢，天蠍除舊佈新帶來好運！1星座處於驚慌狀態 不給退路逼自己成功,https://health.tvbs.com.tw/life/337710,樂生活,命理星座,,
中醫推立春養生小妙招！1方法加速排毒祛寒 2穴位助提升陽氣疏肝解鬱,https://health.tvbs.com.tw/regimen/337712,中醫,穴位保健,,
高中生「舌舔」壽司郎醬油罐、杯子！迴轉壽司食安疑慮 醫授「2招」自保,https://health.tvbs.com.tw/medical/337709,營養,食安陷阱,,
南瓜是癌症剋星：有效預防大腸癌、乳腺癌！營養師激推1道秋冬抗癌南瓜料理,https://health.tvbs.com.tw/nutrition/337708,營養,挑好食材,,
普發6000元要來了！全台近8成ATM可領、3領取方式曝光 2類人免登記直接入帳,https://health.tvbs.com.tw/life/337705,樂生活,過好日子,,
12生肖「衰運月」曝！1生肖上半年凶星降臨衰3個月 命理專家揭化解之道,https://health.tvbs.com.tw/life/337699,樂生活,命理星座,,
膽固醇過高怎麼辦？膽固醇正常值？醫揭一圖秒知食物膽固醇含量 3招降膽固醇,https://health.tvbs.com.tw/medical/337707,養生,養生保健,,
他肩膀痠痛按摩針灸都沒好 一查竟是罹肺癌！肺癌有何症狀？預防肺癌飲食曝光,https://health.tvbs.com.tw/medical/337680,癌症,抗癌醫學,,
老了莫名背痛不單純！醫點名11種人「骨鬆高危險族群」 這樣做有效防骨鬆骨折,https://health.tvbs.com.tw/medical/337704,醫療,醫療焦點,,
2023元宵節補財庫強運祕技！專家揭求財「吉祥金額」 5招讓發財金靈驗,https://health.tvbs.com.tw/life/337703,樂生活,命理星座,,
2/3今日星座運勢 牡羊有豐厚正財收入 「這星座」買彩券會中獎,https://health.tvbs.com.tw/life/337702,樂生活,命理星座,,
血壓高怎麼辦？研究：每天喝「這杯數」綠茶降血壓又減脂！高血壓快喝起來,https://health.tvbs.com.tw/nutrition/337658,營養,營養對策,,
不吃「油」，更難瘦！營養師揭油脂過少不僅受傷風險攀升 還會內分泌失調,https://health.tvbs.com.tw/nutrition/337706,營養,營養對策,,
「元宵禁忌」12件事千萬別做！當心破財、血光病災 霉運纏身一整年,https://health.tvbs.com.tw/life/337698,樂生活,命理星座,,
大家都想脫口罩，這「2病毒」社區活動持續上升！流感已4死、腸病毒急診增74％,https://health.tvbs.com.tw/medical/337701,醫療,防疫快遞,,
什麼時候要拉筋？江P：這3種情況才需要 搞錯可能影響肌肉爆發力,https://health.tvbs.com.tw/medical/337686,影音,江P醫件事,養生,養生保健
胃食道逆流好難受！專家授8招改善火燒心 遠離「這類食物」常被忽略、生活中超容易取得,https://health.tvbs.com.tw/regimen/337700,養生,養生保健,,
近4成女性心臟病發1個月前，出現驚人「1症狀」！胃痛、火燒心、異常疲倦都要小心,https://health.tvbs.com.tw/medical/337697,醫療,醫療焦點,,
年輕力壯也中風？醫警告：「這種人」是腦出血高危群 中醫教1穴位復活血管,https://health.tvbs.com.tw/review/337696,影音,節目精華,中醫,穴位保健
最肥的不是炸豆皮！營養師揭15種火鍋料熱量排行 冠軍吃1個要「快走半小時」消耗,https://health.tvbs.com.tw/nutrition/337694,營養,營養對策,,
上班頭昏腦鈍思緒卡卡？「這些」營養素幫助頭腦清晰 趕走睡神變機伶,https://health.tvbs.com.tw/nutrition/337695,營養,營養對策,,
眼睛長腫瘤不用挖眼睛！長庚質子治療49歲女眼黑色素瘤，視力重回1.0 救命也救眼！,https://health.tvbs.com.tw/medical/337693,醫療,醫療焦點,,
魚油功效有哪些？魚油推薦濃度如何挑？營養師：魚油顧腦又護心 1選法最好,https://health.tvbs.com.tw/nutrition/337690,營養,挑好食材,,
菠菜、番茄都入列！營養師點名12款冬季當令蔬果補健康 「它」維生素C竟比蘋果高20倍,https://health.tvbs.com.tw/nutrition/337688,營養,挑好食材,,
他喝酒摔倒竟斷頸！醫曝頸椎骨刺最嚴重恐四肢癱瘓,https://health.tvbs.com.tw/medical/337687,醫療,醫療焦點,,
28歲女網紅「腳長黑痣」證實罹癌病逝！醫提醒：小痣5情況恐是皮膚癌,https://health.tvbs.com.tw/medical/337689,癌症,名人癌症,,
牙齒白又沒蛀牙 33歲男竟有牙周病！「這些」原因讓口腔大崩壞,https://health.tvbs.com.tw/medical/337684,醫療,醫療焦點,,
面膜可以天天敷嗎？醫警告：用太多當心爛臉 要以膚質和需求來使用,https://health.tvbs.com.tw/regimen/337683,養生,養生保健,,
元宵湯圓加「這料」升糖指數立馬降低！多了蛋白質，不黏又好消化，糖尿病也可吃,https://health.tvbs.com.tw/nutrition/337685,營養,營養對策,,
他30歲腎臟卻宛如60歲老翁！醫：2習慣害洗腎 痛風吃飯多喝1物有效排尿酸,https://health.tvbs.com.tw/medical/337682,養生,養生保健,,
食譜／扭轉自體免疫力！白菜滷有助抑制病毒、抵抗壞細胞－海鮮味噌白菜滷,https://health.tvbs.com.tw/nutrition/337681,食譜,滋補菜,影音,節目精華
室內脫口罩暫緩！王必勝曝3大原因 最快宣布時間曝光,https://health.tvbs.com.tw/medical/337594,醫療,防疫快遞,,
把握冬天養生！中醫推這碗湯補氣抗寒 6食材健脾補腎又養髮,https://health.tvbs.com.tw/regimen/337679,中醫,藥膳茶飲,,
尾牙、春酒喝不停？超過「這酒量」可能出問題 7類人小心變酒鬼,https://health.tvbs.com.tw/medical/337677,醫療,醫療焦點,,
吃蜂王乳養顏美容？回春聖品吃錯反傷身！本土首批產銷履歷蜂王乳上市,https://health.tvbs.com.tw/nutrition/337676,營養,挑好食材,,
中醫治療關節炎靠「這招」 3種類型1次搞懂 緩解後不調養當心骨鬆！,https://health.tvbs.com.tw/medical/337675,中醫,中醫治病,,
美CDC：立即停用這款人工淚液！已造成感染死亡 不含防腐劑遭綠膿桿菌污染,https://health.tvbs.com.tw/medical/337673,醫療,醫療焦點,,
名嘴蔡玉真爆膽囊息肉大於1公分癌變風險高！切除膽囊無預警宣布永遠退出政論節目,https://health.tvbs.com.tw/medical/337674,醫療,健康星聞,,
洗衣服忘記拿出衛生紙！達人授「用1物」紙屑馬上全掉光,https://health.tvbs.com.tw/life/337671,樂生活,過好日子,,
2/4「立春」多吃這些食物升發陽氣！4生肖注意健康問題 早睡早起養肝,https://health.tvbs.com.tw/regimen/337672,養生,養生保健,,
5生肖犯太歲把握元宵節前安太歲！2/4後真正進入兔年 命理師曝「最強安太歲祕訣」,https://health.tvbs.com.tw/life/337670,樂生活,命理星座,,
2/2星座運勢 適合享受的一天！牡羊座財運易願望成真、這星座求財最好見好就收,https://health.tvbs.com.tw/life/337669,樂生活,命理星座,,
元宵節「開運祕法」看過來！吉數紅包旺財運 掛紅燈籠求月老牽紅線,https://health.tvbs.com.tw/life/337668,樂生活,命理星座,,
食譜／哈佛推6大食物護心血管！粉蒸肉丸這樣做降膽固醇、防血栓－粉蒸鯖魚雞肉丸,https://health.tvbs.com.tw/nutrition/337667,食譜,滋補菜,影音,節目精華
年後減脂急救！醫教3招快速穩定胰島素和食慾 啟動燃脂甩掉過年肥肉,https://health.tvbs.com.tw/nutrition/337666,養生,聰明減肥,,
咖啡加「1物」提高抗發炎效果！還能不傷胃 營養師教「這樣吃」抗氧化作用更好,https://health.tvbs.com.tw/nutrition/337665,營養,營養對策,,
年後胖一圈？營養師授6祕招有效消水腫 多補充2類食物助排水、不喝水更慘,https://health.tvbs.com.tw/regimen/337663,養生,聰明減肥,,
5連霸女市議員膽道癌驟逝！肝膽腸胃腫瘤早期難發現 吳明珠教您按摩、茶飲護肝膽,https://health.tvbs.com.tw/review/337664,影音,節目精華,中醫,藥膳茶飲
常見水果「纖維」排行榜1顆紅龍果=10顆百香果！吃半顆芭樂輕鬆達標,https://health.tvbs.com.tw/nutrition/337662,營養,挑好食材,,
指甲看健康！指甲月牙消失、有直線是器官生病？這種指甲是肺部、心臟在抗議,https://health.tvbs.com.tw/medical/337661,醫療,醫療焦點,,
3招解套「情緒勒索」！如何及早發現被情勒？心理師教你覺察6階段,https://health.tvbs.com.tw/medical/337660,樂生活,心靈雞湯,,
天冷保暖從「丹田」開始！中醫教保暖4重點 在降溫期遠離猝死風險,https://health.tvbs.com.tw/regimen/337659,養生,養生保健,,
年紀大老是流目油？「護眼奇招」暢通鼻淚管！從瞳孔透視腦中風、失智症風險,https://health.tvbs.com.tw/review/337640,影音,節目精華,養生,養生保健
過年吃太多消化不良？中醫師推這碗「青木瓜湯」通便去油助消化 1招燉木瓜肉不易爛,https://health.tvbs.com.tw/regimen/337657,中醫,藥膳茶飲,,
168斷食輸了！減肥「這招」才是關鍵！醫學期刊也掛保證絕對瘦,https://health.tvbs.com.tw/nutrition/337656,養生,聰明減肥,,
「立春求財」拜土地公、煮發財水！命理專家曝「最靈驗時間」 一整年大富大貴,https://health.tvbs.com.tw/life/337654,樂生活,命理星座,,
蘇貞昌閃到腰動手術！疑「1疾病」造成 老年人退化、腰肌無力最好發,https://health.tvbs.com.tw/medical/337652,醫療,健康星聞,,
冬天吃薑母鴨竟然吃到吐血！醫警告：每年都發生，進補注意1件事,https://health.tvbs.com.tw/medical/337655,醫療,醫療焦點,,
咳嗽可分「急與慢」？中醫教你分辨咳嗽類型 從生活習慣改正保養氣管,https://health.tvbs.com.tw/regimen/337653,中醫,中醫治病,,
加護病房一夜滿床 竟全是「心肌梗塞、腦中風」！5習慣加速你的血管脆化生鏽,https://health.tvbs.com.tw/medical/337651,醫療,醫療焦點,,
本土個案增3.1萬例 ！「這縣市」確診人數逾6千 40多歲女染疫不到一周病逝,https://health.tvbs.com.tw/medical/337595,醫療,防疫快遞,,
女星64歲中風離世！友曝「2原因」釀禍 專家揭預防5關鍵、1舉動是天然良藥,https://health.tvbs.com.tw/medical/337650,醫療,健康星聞,,
腸胃炎是感冒嗎？兩者哪裡不一樣？醫師教你1秒從「這些症狀」判斷,https://health.tvbs.com.tw/medical/337649,醫療,醫療焦點,,
秀琴膽結石住院「雙手打滿30針」恐動刀切膽！8招不再養出膽結石 少碰3食物,https://health.tvbs.com.tw/medical/337648,醫療,健康星聞,,
泡澡流汗能減肥？重點不在「流汗」！醫授減重最快捷徑 「放縱餐」這時吃最好,https://health.tvbs.com.tw/regimen/337647,養生,聰明減肥,,
7種糖尿病預防方式！台大醫曝「最有效控糖方式」糖尿病風險降58％、還能逆轉糖尿病,https://health.tvbs.com.tw/medical/337646,醫療,醫療焦點,,
今年巧逢「雙立春」暗藏玄機！當天「1現象」是未來疫情關鍵,https://health.tvbs.com.tw/life/337645,樂生活,命理星座,,
瘦子較健康？「瘦胖子」罹糖尿病死亡風險高2倍！醫授「3要領」避免隱形肥胖,https://health.tvbs.com.tw/medical/337644,養生,聰明減肥,,
年後發錢了！這地方民眾直接「爽領3萬」 只要符合2條件就入帳,https://health.tvbs.com.tw/life/337643,樂生活,過好日子,,
2/1星座運勢 有利集思廣益 處女天助自助人助 「這星座」湧入豐盛獲利,https://health.tvbs.com.tw/life/337633,樂生活,命理星座,,
2023年12生肖運勢大解析！這些生肖兔年運勢超旺 詳解12生肖宜忌、財運、健康、事業、感情,https://health.tvbs.com.tw/life/337629,樂生活,命理星座,,
年紀漸長，你是否察覺到身體有變化？快來和健康2.0一起了解自己的健康！,https://health.tvbs.com.tw/life/337619,樂生活,過好日子,,
抗皺免花錢！這「臉部保養功法」舒緩細紋僅3步驟 多加1物按摩助保持童顏,https://health.tvbs.com.tw/regimen/337642,運動,氣功調氣,,
錯誤「排濕」當心排光能量！中醫教重啟體內除濕系統 有效補氣充電,https://health.tvbs.com.tw/regimen/337641,中醫,中醫治病,,
哈佛醫師的黃金4寶抗癌湯！每天喝2碗防癌、減肥、抗三高 材料簡單又便宜,https://health.tvbs.com.tw/regimen/337639,養生,養生保健,,
鬱症藥物「抑鬱錠」不純物超標 緊急回收1600萬顆！抗焦慮藥「百事隆」回收10萬顆,https://health.tvbs.com.tw/medical/337637,醫療,醫療焦點,,
品冠爸「視力只剩看到光」！視網膜剝離會失明！眼睛飛蚊變多、眼睛看到閃光是前兆,https://health.tvbs.com.tw/medical/337638,醫療,健康星聞,,
老花雷射、近視雷射，中年人該如何選擇雷射手術？醫師這樣說,https://health.tvbs.com.tw/medical/337636,醫療,醫療焦點,,
過年吃太多 腸胃好不舒服？營養師大推年後腸胃收心操 保健腸胃 還能甩油減肥,https://health.tvbs.com.tw/regimen/337634,養生,養生保健,,
指揮中心公布最新防疫措施！室內脫口罩何時開始？王必勝說話了,https://health.tvbs.com.tw/medical/337596,醫療,防疫快遞,,
立春開運存錢旺財！「2方法」招貴人 紙風車催文昌 龍雞鼠要躲春避厄運,https://health.tvbs.com.tw/life/337632,樂生活,命理星座,,
長期下腹痛是「骨盆底肌筋膜炎」在惹禍！中醫提「這些」療方能有效改善,https://health.tvbs.com.tw/medical/337635,中醫,中醫治病,,
肥胖者當心骨質疏鬆找上門！醫曝3招防骨質疏鬆 吃鈣片也要吃它 鈣質吸收更好,https://health.tvbs.com.tw/medical/337631,養生,養生保健,,
年糕吃剩還有救！日本人教「5創意吃法」秒變鬆餅、披薩 用微波爐就能輕鬆做,https://health.tvbs.com.tw/nutrition/337630,食譜,輕食甜點,,
紙餐盒微波加熱，毒素恐「印」進食物！醫提醒：塑膠、紙餐盒加熱都可怕,https://health.tvbs.com.tw/medical/337628,營養,食安陷阱,,
32歲男不胖卻遭脂肪肝纏身 禍首竟是1飲食習慣！醫推5招逆轉脂肪肝,https://health.tvbs.com.tw/medical/337627,醫療,醫療焦點,,
本土個案增3. 2萬例、暴增118.2％！傳陳建仁視察指揮中心將公布室內脫口罩,https://health.tvbs.com.tw/medical/337597,醫療,防疫快遞,,
長假後「嘴巴總是很饞」？營養師教「4+4」飲食策略 幫你對抗假性飢餓,https://health.tvbs.com.tw/nutrition/337626,營養,營養對策,,
天冷麻油雞、羊肉爐湯包天天吃竟吃出眼痛、視力剩0.2，原來是補過頭！醫：快喝這茶抗發炎,https://health.tvbs.com.tw/medical/337625,中醫,中醫治病,,
想重回年前身材快把握「這時間」！營養師授三餐輕斷食法 多吃1物清腸道又不怕餓,https://health.tvbs.com.tw/regimen/337623,養生,聰明減肥,,
天冷皮膚乾癢怎麼辦？醫授「洋蔥式」保養法鎖水保濕！陽光弱也要防曬,https://health.tvbs.com.tw/medical/337624,養生,養生保健,,
血脂太高怎麼辦？小心高血脂害你中風、胰臟發炎又致癌 醫推8招降血脂,https://health.tvbs.com.tw/medical/337622,養生,養生保健,,
捏泡泡紙比按摩紓壓更有效！捏爆氣泡「啵」一聲讓壓力都消散,https://health.tvbs.com.tw/regimen/337621,樂生活,心靈雞湯,,
命理師公布十二生肖2023上半年幸運月！屬馬和豬好運旺5個月 1生肖最差但求平和,https://health.tvbs.com.tw/life/337620,樂生活,命理星座,,
這家深山衛生所能做胃鏡、照腹部超音波！母奔波求醫腦癌過世 開啟史皓偉偏鄉醫師之路,https://health.tvbs.com.tw/medical/337618,醫療,醫療焦點,,
蓮霧可控制血糖？醫師曝蓮霧「利尿排毒」驚人效果！這樣吃還能減肥,https://health.tvbs.com.tw/nutrition/337617,營養,挑好食材,,
1/31今日星座運勢 開啟繁忙活力時刻 牡羊注意投資行情 這星座見好就收,https://health.tvbs.com.tw/life/337616,樂生活,命理星座,,
睡不好當心三高、失智！失眠別先吃安眠藥 醫曝6招睡眠祕訣,https://health.tvbs.com.tw/medical/337607,養生,養生保健,,
過年每天吃太飽胃堵堵？中醫師激推3味中藥+1茶飲助緩解消化不良、胃脹氣,https://health.tvbs.com.tw/medical/337544,中醫,藥膳茶飲,,
呼吸錯誤容易過敏、腦霧甚至短命！醫提「用鼻呼吸」比「用口呼吸」重要,https://health.tvbs.com.tw/medical/337615,養生,養生保健,,
收假喝咖啡提神注意！營養師曝2大超商咖啡熱量地雷 這幾款咖啡因1杯就超標,https://health.tvbs.com.tw/nutrition/337614,營養,營養對策,,
吃素卻脹氣、全身起疹 原來是黃豆過敏！快改吃「這些」植物蛋白超多又不脹氣,https://health.tvbs.com.tw/nutrition/337613,營養,營養對策,,
防彈咖啡能減脂？營養師破解「增肌減脂」飲食迷思 能量棒「這樣吃」才好,https://health.tvbs.com.tw/nutrition/337612,營養,營養對策,,
糖尿病口氣差？當心是「併發症」警訊！醫授3訣竅自我檢測是否有口臭,https://health.tvbs.com.tw/medical/337611,醫療,醫療焦點,,
哪種胸痛可能是心肌梗塞？醫授「胸痛分辨法」教你判斷要立即處理的胸痛,https://health.tvbs.com.tw/medical/337610,醫療,醫療焦點,,
腎友必收！醫：慢性腎衰竭別碰3地雷 1食物絕對不能吃 小心毒素排不出會死掉,https://health.tvbs.com.tw/medical/337609,醫療,醫療焦點,,
年節狂吃「這類食物」身體爆警訊！健檢報告出現紅字糟了？看不懂又不追蹤下場慘,https://health.tvbs.com.tw/medical/337608,醫療,醫療焦點,,
老是咬到舌頭、舌頭發炎不癒危險啦！女星舌頭腫脹幾個月竟是舌癌3期，消失1年近況曝,https://health.tvbs.com.tw/medical/337606,醫療,健康星聞,,
洗碗總是腰痠？這樣「抱膝」每天做不腰痠 流理台高度別太低 教你算出最合適高度,https://health.tvbs.com.tw/medical/337604,樂生活,過好日子,,
2茶飲緩解焦慮、提振精神！4招趕走開工焦慮,https://health.tvbs.com.tw/nutrition/337603,營養,營養對策,,
2023年五運六氣推衍！中醫提示：癸卯年最容易罹患6疾病 不想生病靠4招保養,https://health.tvbs.com.tw/regimen/337602,養生,養生保健,,
高蛋白飲食加「這些」秒變「預防骨鬆餐」！醫教你如何減肥又保骨,https://health.tvbs.com.tw/nutrition/337605,營養,營養對策,,
過年吃太好痛風上身！3飲食原則＋3動作舒緩疼痛 外食族三餐這樣搭快快擺脫痛風,https://health.tvbs.com.tw/regimen/337601,養生,養生保健,,
室內脫口罩公布日程曝光！「雙頭犬」CH.1.1病毒早入侵台灣,https://health.tvbs.com.tw/medical/337599,醫療,防疫快遞,,
他跟女友親熱摸出胸部硬塊 竟是罹「乳癌二期」！預防乳癌3類食物千萬要少吃,https://health.tvbs.com.tw/nutrition/337598,營養,營養對策,,
首支國產腸病毒疫苗獲藥證！國光生技磨劍13年 最快第1季上市,https://health.tvbs.com.tw/medical/337600,醫療,防疫快遞,,
我還不想上班！美女醫師教4招擺脫「收假症候群」 這樣做更有工作動力,https://health.tvbs.com.tw/medical/337592,醫療,醫療焦點,,
詹惟中上廁所太用力、眼睛爆血管！曝出生年「4」字尾血光之災！便祕恐有致命危機,https://health.tvbs.com.tw/medical/337593,醫療,健康星聞,,
不良坐姿讓你歪腰又減壽！脊椎達人示範「這樣坐」揮別腰痠背痛 挑菜別再坐板凳！,https://health.tvbs.com.tw/review/337557,影音,如果云知道,運動,健身運動
年後腰圍大了一圈？三餐這樣吃自然瘦 醫推薦6種燃脂食物,https://health.tvbs.com.tw/regimen/337590,養生,聰明減肥,,
不想上班、「收假症候群」又發作？中醫教你3穴位、4食物改善Monday blue,https://health.tvbs.com.tw/medical/337591,中醫,穴位保健,,
開工不憂鬱，5生肖初九後獲得加持！屬虎偏財運漸強 屬羊正財運變好 1生肖最旺,https://health.tvbs.com.tw/life/337589,樂生活,命理星座,,
開工陽光露臉！把握上半周溫度回暖 下波「濕冷夾擊」時間曝、補班日恐雨神陪伴,https://health.tvbs.com.tw/life/337588,樂生活,過好日子,,
小心血管阻塞害中風！醫推咖啡1喝法防中風、糖尿病,https://health.tvbs.com.tw/review/337587,影音,名醫觀點,營養,營養對策
1/30今日星座運勢 牡羊、射手暗中獲取財源 雙子買彩券有收穫 8星座財運旺,https://health.tvbs.com.tw/life/337586,樂生活,命理星座,,
初九拜天公、開工吉時大公開！命理專家曝必備9物 這樣拜逢凶化吉、萬事如意,https://health.tvbs.com.tw/life/337578,樂生活,命理星座,,
「天公生」當心犯「1禁忌」錯失神明眷顧！「開工紅包」先別花掉「這樣做」錢滾錢,https://health.tvbs.com.tw/life/337585,樂生活,命理星座,,
1/29收假不憂鬱！「這星座」偏財運很不錯 魔羯有愛情火花 牡羊獲利滿滿,https://health.tvbs.com.tw/life/337563,樂生活,命理星座,,
1/29～2/4一周生肖運勢 羊、牛、豬最好運 這生肖股票見好就收,https://health.tvbs.com.tw/life/337549,樂生活,命理星座,,
1/28春節收假前最後周末 快把握好運！這星座開始賺大錢！雙魚捐款做善事財運更廣,https://health.tvbs.com.tw/life/337584,樂生活,命理星座,,
1/27今日星座運勢 初六2星座財富管理有成！天蠍小心賭運「見好就收」,https://health.tvbs.com.tw/life/337582,樂生活,命理星座,,
1/26今日星座運勢 財神爺會送錢給天秤座、摩羯座會中獎、3星座有偏財運,https://health.tvbs.com.tw/life/337574,樂生活,命理星座,,
1/25今日星座運勢 金牛賺異性財 巨蟹遇見更美愛情 「這星座」財運大好光明,https://health.tvbs.com.tw/life/337525,樂生活,命理星座,,
1/24今日星座運勢 財源滾滾不間斷！3星座買賣有賺 天蠍嘗試投資有望獲利,https://health.tvbs.com.tw/life/337571,樂生活,命理星座,,
1/23今日星座運勢 專家曝12星座幸運色！巨蟹意外撿到錢 獅子買賣房產獲利,https://health.tvbs.com.tw/life/337560,樂生活,命理星座,,
1/22～1/28一周生肖運勢 鼠、馬、虎最好運 這生肖買公益彩券要三思,https://health.tvbs.com.tw/life/337545,樂生活,命理星座,,
1/22大年初一穿對顏色好運來！12星座財運、幸運色大公開,https://health.tvbs.com.tw/life/337561,樂生活,命理星座,,
健康2.0 x 享食尚 2023春節回饋讀者，享食尚、享好康！,https://health.tvbs.com.tw/life/337509,樂生活,過好日子,,
1/21除夕這「2星座」偏財運超好！天蠍等2星座有機會遇正緣 天秤可開運,https://health.tvbs.com.tw/life/337583,樂生活,命理星座,,
1/20今日星座運勢 小年夜12星座幸運色大公開！這星座將得財神眷顧,https://health.tvbs.com.tw/life/337581,樂生活,命理星座,,
冷氣團發威快穿發熱衣！江坤俊揭發熱衣「NG穿法」不保暖反而變更冷,https://health.tvbs.com.tw/review/337546,影音,江P醫件事,養生,養生保健
何妤玟頭痛眩暈疑腦瘤？醫警告如果出現手麻、下肢神經症狀得小心,https://health.tvbs.com.tw/medical/337580,醫療,健康星聞,,
從年夜飯一路喝 胃不好怎麼辦？醫教5招保護腸道 讓你在酒局中安全下崗,https://health.tvbs.com.tw/medical/337579,養生,養生保健,,
抗老必吃超級食物！營養師揭「8黑色食材」順腸胃清血管 它連皮吃更營養,https://health.tvbs.com.tw/nutrition/337577,營養,挑好食材,,
春節10天連假啟動！醫籲防意外掛急診 切傷別包衛生紙 哈姆立克學起來,https://health.tvbs.com.tw/medical/337576,養生,養生保健,,
王必勝公布「室內脫口罩」時間點！過年確診別怕，全國192家看診醫院在「春節專區」都查得到,https://health.tvbs.com.tw/medical/337575,醫療,防疫快遞,,
小年夜這時間拜拜好運、平安一整年！命理專家曝新年2行為當心破財、窮整年,https://health.tvbs.com.tw/life/337572,樂生活,命理星座,,
2023年「過年片單」推薦！3部此生必看的經典，讓你10天連假不無聊,https://health.tvbs.com.tw/life/337573,樂生活,過好日子,,
他愛喝1物竟罹食道癌！醫：台灣超過47％人口容易罹患食道癌 這飲品別喝了,https://health.tvbs.com.tw/medical/337570,癌症,抗癌醫學,,
廚房瓦斯爐好難清！快用「居家清潔三寶」 陳年油垢輕鬆去除,https://health.tvbs.com.tw/life/337568,樂生活,過好日子,,
每逢過年胖3公斤？營養師大推6招防止脂肪纏身 1飲品有效控制熱量攝取,https://health.tvbs.com.tw/regimen/337567,養生,聰明減肥,,
喝醋能軟化筋骨、預防肌肉痠痛？2類人不適合喝 骨折喝醋小心脫鈣影響癒合,https://health.tvbs.com.tw/medical/337566,營養,營養對策,,
過年打麻將、大掃除、玩手機別太嗨！醫籲當心罹患「春節疼痛症候群」,https://health.tvbs.com.tw/medical/337565,醫療,醫療焦點,,
台灣之光！侯勝博獲世界耳鼻喉科界金牌獎！年過60仍維持頂尖地位，銀髮族也能發光發熱,https://health.tvbs.com.tw/medical/337564,醫療,醫療焦點,,
大年初一開運「3祕法」讓你好運1整年！「這時間」拜拜賺很大 吃早齋平安無災,https://health.tvbs.com.tw/life/337569,樂生活,命理星座,,
過年時突然牙痛怎麼辦？牙醫授「緊急牙痛自救法」 4招幫你緩和劇痛,https://health.tvbs.com.tw/medical/337562,養生,養生保健,,
吃抗生素能吃益生菌嗎？服用抗生素腹瀉，吃益生菌改善？醫：有這症狀再吃,https://health.tvbs.com.tw/medical/337558,醫療,醫療焦點,,
春節連假冷空氣接力！初二起寒流急凍「下探6度」 回暖時間曝光快把握,https://health.tvbs.com.tw/life/337559,樂生活,過好日子,,
2023春節抱走億元頭獎祕招！專家揭連續17天樂透最佳財位 4生肖財運特旺,https://health.tvbs.com.tw/life/337555,樂生活,命理星座,,
12生肖初一何時拜年會大發？小孟老師報你知：兔等3生肖適合晚上拜年、牛等3生肖愈早愈好,https://health.tvbs.com.tw/life/337556,樂生活,命理星座,,
過年吃多動少，小心發胖！3招避免過年肥 「超慢走」不傷膝燃燒體脂肪,https://health.tvbs.com.tw/medical/337554,影音,節目精華,養生,聰明減肥
1/19今日星座運勢 處女座動口即可生財、水瓶豐厚獲利入袋 這星座偏財運超旺,https://health.tvbs.com.tw/life/337553,樂生活,命理星座,,
蔡淑臻罹病痛到無法走路、上廁所！中醫師曝3經絡撥開「筋結」 緩解肩頸僵硬痛,https://health.tvbs.com.tw/review/337541,影音,節目精華,,
新年如何過得更好？紫嚴導師開示：坦承接受，才能釋放過往情緒的傷,https://health.tvbs.com.tw/life/337537,樂生活,心靈雞湯,,
自體軟骨修復術逆轉軟骨磨損！讓他圓夢北高360公里單車之旅,https://health.tvbs.com.tw/Guangbian/337552,廣告業務,,,
除夕10禁忌別踩雷！說髒話會倒楣1整年 要守財天亮前別做「這1事」,https://health.tvbs.com.tw/life/337551,樂生活,命理星座,,
新年很迷茫？心理師教「5方法」精確設定年度目標 有效制定未來,https://health.tvbs.com.tw/life/337550,樂生活,心靈雞湯,,
叫貓咪的名字 卻總是沒反應？科學家傳授「1訣竅」讓貓咪親近你,https://health.tvbs.com.tw/life/337548,樂生活,過好日子,,
天冷強腰腎！中醫推這款湯全家都能喝 栗子多1動作更易熟、蓮子這樣煮才綿密,https://health.tvbs.com.tw/regimen/337547,食譜,養生湯,,
中國附醫數位轉型登世界前3智慧醫院！3大智能平台獲HIMSS佳績,https://health.tvbs.com.tw/medical/337543,醫療,醫療焦點,,
起床腰痠、脖子痛！海草舞＋雙人運動 拉開椎間盤、舒緩韌帶和肌群,https://health.tvbs.com.tw/medical/337542,影音,節目精華,運動,健身運動
他騎腳踏車竟害痔瘡掉出肛門險破裂！痔瘡一直發炎會感染致死嗎？2招防痔瘡,https://health.tvbs.com.tw/medical/337540,醫療,醫療焦點,,
擺脫腰痠背痛、夫妻同床不同病危機！空氣編織床墊助攻安穩好眠,https://health.tvbs.com.tw/Guangbian/337539,廣告業務,,,
醉蝦醉雞原來要這樣做才入味！營養師再教做「蔬福包」，一口吃進7種蔬菜,https://health.tvbs.com.tw/nutrition/337538,食譜,滋補菜,,
醫揭連續3晚打鼾要留意！白天嗜睡、晚上鼾聲如雷恐有「猝死」風險,https://health.tvbs.com.tw/medical/337536,醫療,醫療焦點,,
洗碗海綿竟比馬桶還髒！用水洗根本不夠、簡單殺菌有4方法 保持海綿清潔4習慣必養成,https://health.tvbs.com.tw/life/337535,樂生活,過好日子,,
防心血管疾病按摩6穴位補氣又養心 狗狗能看中醫、把脈嘛ㄟ通！,https://health.tvbs.com.tw/review/337533,影音,節目精華,樂生活,過好日子
天氣急凍關節卡卡，小心關節退化！3症狀是前兆 快做7招保養膝關節、防止退化,https://health.tvbs.com.tw/medical/337531,養生,養生保健,,
男童染疫4日亡！新冠肺炎、腸病毒、流感、諾羅病毒一起來，30歲男竟腸病毒重症 過年危險了,https://health.tvbs.com.tw/medical/337532,醫療,防疫快遞,,
除夕吃長年菜補鈣又抗癌！營養師盤點芥菜功效 過年長年菜料理1煮法降低苦味,https://health.tvbs.com.tw/nutrition/331583,營養,挑好食材,,
冰箱食物可以放多久？過年剩菜、剩飯可以吃多久？一張圖秒懂冷藏、冷凍保存期限,https://health.tvbs.com.tw/nutrition/337529,營養,挑好食材,,
脊椎側彎原因有哪些？脊椎側彎一定要開刀嗎？這種脊椎側彎不治療會惡化 當心了,https://health.tvbs.com.tw/medical/337530,醫療,醫療焦點,,
林青霞自曝患有「寂寞病」靠寫作療心！鮮少談家人是「這原因」,https://health.tvbs.com.tw/life/337534,醫療,健康星聞,,
「過年不發胖」上保險！避免體重失控中醫有妙方 1茶飲1道菜來幫忙,https://health.tvbs.com.tw/regimen/337528,養生,聰明減肥,,
即食雞胸肉打開就能吃？真空包裝反而不安全 小心「致命毒素」麻痺神經,https://health.tvbs.com.tw/medical/337527,醫療,醫療焦點,,
2023「錢母」放這裡最招財！專家公開財位方向 錢母4禁忌別犯會漏財,https://health.tvbs.com.tw/life/337524,樂生活,命理星座,,
食譜／保護關節不痠痛！這款藥膳湯頭補肝腎、強筋骨 加米酒順序藏眉角－杜仲補骨湯,https://health.tvbs.com.tw/nutrition/337521,食譜,養生湯,影音,節目精華
壯男久坐竟腳腫、心臟亂跳！醫：肺栓塞和心梗一樣致命！過年熬夜打牌也得小心,https://health.tvbs.com.tw/medical/337526,醫療,醫療焦點,,
食譜／生薑「祛濕」真給力！喝一碗暖身薑汁出汗 煲出水嫩肌－暖身美顏湯,https://health.tvbs.com.tw/nutrition/337523,食譜,養生湯,影音,節目精華
天冷頻尿不是病！解尿超過「這次數」小心可能膀胱炎、尿道炎,https://health.tvbs.com.tw/medical/337522,醫療,醫療焦點,,
寶媽3度罹癌曝近況 女兒「手又紅又腫」！醫曝「皮膚神藥」消腫、止癢好得快,https://health.tvbs.com.tw/medical/337520,醫療,健康星聞,,
過年最怕小孩感冒、細支氣管炎、哮吼！醫曝3大觀察指標 出現這些症狀快就醫,https://health.tvbs.com.tw/medical/337519,醫療,醫療焦點,,
傷口要擦優碘、塗藥膏、不能碰水？這些全都錯！超實用「傷口照護懶人包」快收下,https://health.tvbs.com.tw/medical/337517,醫療,醫療焦點,,
快檢查你的眼周！若出現「這個」恐是高血脂警訊 心血管疾病風險高,https://health.tvbs.com.tw/medical/337518,醫療,醫療焦點,,
1/18今日運勢 3星象預示轉變 宜靜觀其變 巨蟹努力打拚「這星座」用腦賺錢,https://health.tvbs.com.tw/life/337513,樂生活,命理星座,,
大寒「4生肖」財運滾滾！「龍」躍身賺大錢「這生肖」正財偏財都旺,https://health.tvbs.com.tw/life/337516,樂生活,命理星座,,
牙周病不治療恐心內膜炎奪命！醫揭預防關鍵、牙刷拿錯效果差很大 維生素C吃太多也母湯,https://health.tvbs.com.tw/review/337514,影音,明欣醫聊事,養生,養生保健
這樣吃對嗎？營養師教3步驟自我檢視飲食計畫 壓抑過度當心暴飲暴食,https://health.tvbs.com.tw/nutrition/337512,營養,營養對策,,
牙膏管底色條代表成分 看到黑色快丟掉？專家揭密是「這用途」！,https://health.tvbs.com.tw/life/337510,樂生活,過好日子,,
戲劇男神節目比腕力竟當場骨折！醫說不只比腕力，丟球、接球、主婦使用洗衣機也要小心,https://health.tvbs.com.tw/medical/337511,醫療,健康星聞,,
流感來襲 快做好6件事情防流感病毒！營養師盤點5種食物別吃了 小心身體發炎,https://health.tvbs.com.tw/nutrition/337508,營養,營養對策,,
他大便常沖不乾淨 竟是1器官出事！醫：2情況大便容易浮水面 小心這種害罹癌,https://health.tvbs.com.tw/medical/337506,醫療,醫療焦點,,
今日本土確診人數破1萬9千人！新冠疫苗打3劑以上可加速痊癒，北市疫苗過年也照打,https://health.tvbs.com.tw/medical/337505,醫療,防疫快遞,,
我有大腸息肉 醫生卻沒有幫我切除？長息肉多久要追蹤一次？腸胃專家解答了,https://health.tvbs.com.tw/medical/337503,醫療,醫療焦點,,
過年吃太多消化不良？中醫推1款湯健脾去油膩 免用肉熬更清爽、材料易買又便宜,https://health.tvbs.com.tw/regimen/337504,中醫,藥膳茶飲,,
天冷感冒快吃維生素C！營養師揭「高C蔬果」1/4顆芭樂輕鬆達標,https://health.tvbs.com.tw/nutrition/337502,營養,挑好食材,,
老人家常噎到 可能是「退化」前兆！過年吃美食預防卡喉嚨 醫建議這樣做,https://health.tvbs.com.tw/medical/337501,壯世代,熟年情報,,
過年別只吃開心果了！營養師激推低卡點心準備清單 「這款」去一味健康大升級,https://health.tvbs.com.tw/nutrition/337500,營養,營養對策,,
30歲女OL莫名頭痛，視力險受損！小心這種頭痛雖不要命卻讓人痛不欲生，抽痛加1症狀小心了,https://health.tvbs.com.tw/medical/337499,醫療,醫療焦點,,
食譜／冷凍佛跳牆這樣煮更澎湃！主廚授1解凍法讓湯底不糊－佛越有餘砂鍋煲,https://health.tvbs.com.tw/nutrition/337498,食譜,滋補菜,影音,節目精華
過年拜地基主時間？地基主怎麼拜？民俗專家曝除夕地基主拜拜流程 拜對家運旺,https://health.tvbs.com.tw/life/334321,樂生活,命理星座,,
宋逸民身體亮紅燈「全身長疹」！中醫師推這杯茶免疫系統不失調 3招平衡免疫系統,https://health.tvbs.com.tw/medical/337497,中醫,藥膳茶飲,,
膽囊息肉發生原因？會變成癌症嗎？醫點名4種人快切除息肉 小心這種會癌變,https://health.tvbs.com.tw/medical/337496,醫療,醫療焦點,,
正月迎「年神」必備3吉物！擋煞、祈求長壽這樣做,https://health.tvbs.com.tw/life/337488,樂生活,命理星座,,
2023年12星座大好事！牡羊走3年大運 這星座動不動就中獎 2星座是財神爺寵兒,https://health.tvbs.com.tw/life/337294,樂生活,命理星座,,
毛孩過年掛急診怎麼辦？獸醫教你避開「4地雷」陪毛孩一起過好年,https://health.tvbs.com.tw/life/337507,樂生活,過好日子,,
白木耳是「助吞嚥神器」！營養師教3撇步 幫助長輩安心快樂吃年夜飯,https://health.tvbs.com.tw/regimen/337515,壯世代,熟年情報,,
健康開運就是要紅！茄紅素、花青素護眼健腦「5款」紅色食物吃起來,https://health.tvbs.com.tw/nutrition/337215,營養,營養對策,,
食譜／白飯口感卻吃不胖！花椰菜米搭「雙芥」控血糖，連糖友都能吃－鮭魚燕麥花椰米,https://health.tvbs.com.tw/nutrition/337444,食譜,滋補菜,影音,節目精華
兔年提升免疫力！營養師推年菜「黃耆養氣燉雞湯」補氣潤肺強化呼吸道,https://health.tvbs.com.tw/nutrition/337492,中醫,藥膳茶飲,,
負離子能量提升免疫力、穩定身體機能！免出遠門靠「循氣蒸」感受神清氣爽,https://health.tvbs.com.tw/Guangbian/337495,廣告業務,,,
遇水則發！水生植物擺「這裡」招財又能改善風水！廚房用香草系，富足又興家,https://health.tvbs.com.tw/life/337460,樂生活,命理星座,,
1/17今日運勢 關鍵反轉期到來！「6星座」把握工作時機 魔羯是今日幸運星,https://health.tvbs.com.tw/life/337494,樂生活,命理星座,,
你家裡還沒有嗎？這3款「清潔神物」便宜又環保 用對輕鬆去除油污、茶漬、水垢,https://health.tvbs.com.tw/life/337453,樂生活,過好日子,,
2023奇門遁甲開運招財大法！這裡擺「錢鼠」有錢一整年 家中風水吉位吉時大公開,https://health.tvbs.com.tw/life/337485,樂生活,命理星座,,
士農工商各行各業招財法大不同！腳踏墊選「這2色」客人的錢都收起來！,https://health.tvbs.com.tw/life/337454,樂生活,命理星座,,
紅包「這樣」放 錢會來找你！命理專家授「3妙招」讓你兔年旺運一整年,https://health.tvbs.com.tw/life/331524,樂生活,命理星座,,
蔥雞湯可對抗感冒？中醫師破迷思「不是人人都能喝」 這樣吃恐加重病情,https://health.tvbs.com.tw/regimen/337389,中醫,藥膳茶飲,,
2023喜兔年開運法 穿戴藍色帶福財！家中擺「這1物」財神歡喜貴人臨,https://health.tvbs.com.tw/life/337438,樂生活,命理星座,,
2023這3天存錢財運年初旺到年末！命理師公開「12生肖存款金額」讓小錢滾大錢,https://health.tvbs.com.tw/life/337311,樂生活,命理星座,,
走春有祕訣！求升官發財、幸福美滿要這樣走 今年運氣旺整年,https://health.tvbs.com.tw/life/326629,樂生活,命理星座,,
快安太歲！命理專家點名「5生肖」兔年太歲當頭狀況多 想化凶為吉一定要看,https://health.tvbs.com.tw/life/337319,樂生活,命理星座,,
貼春聯7大禁忌！大門倒貼春聯衰整年 最佳貼春聯時間曝光,https://health.tvbs.com.tw/life/331540,樂生活,命理星座,,
12生肖大掃除禁忌！屬兔家裡這區不乾淨小心衰整年 這生肖一定要掃廁所,https://health.tvbs.com.tw/life/331582,樂生活,命理星座,,
2023過年求財運、刮刮樂中大獎必做11件事！橘子加紅紙放「2處」錢財大進大利,https://health.tvbs.com.tw/life/337424,樂生活,命理星座,,
除夕夜當天做3件事「大富大貴」！ 年夜飯必喝這碗湯「長命百歲」 2023年6大必知過年習俗,https://health.tvbs.com.tw/life/331506,樂生活,命理星座,,
新年開運必備水晶！5種水晶改善氣場、促進伴侶關係、清除負面情緒,https://health.tvbs.com.tw/life/331377,樂生活,命理星座,,
走春拜廟 「這件事」沒做，小心神也不理你,https://health.tvbs.com.tw/life/331321,樂生活,命理星座,,
過年紅包「13禁忌」做錯破財！想要偏財運中大獎要用「這種紅包袋」,https://health.tvbs.com.tw/life/331568,樂生活,命理星座,,
2023「發財金」怎麼求？4步驟教你！民俗專家：發財金3禁忌小心破財,https://health.tvbs.com.tw/life/331544,樂生活,命理星座,,
「壓歲錢這樣用」變發財金帶來好財運！除夕開運6招 錯過再等一年,https://health.tvbs.com.tw/special/331543,樂生活,命理星座,,
2023年隨身帶2物財運亨通、錢滾錢 開運祕法大公開！6顏色衣服好能量圍著你,https://health.tvbs.com.tw/life/337415,樂生活,命理星座,,
「諾羅」季來臨！醫警告：酒精對諾羅病毒效果不佳 「勤洗手」才是王道,https://health.tvbs.com.tw/medical/337493,醫療,防疫快遞,,
歌仔戲國寶連明月換肝1個月，驚傳心臟積水去世 享壽70歲！醫：換肝後撐過「這時間」才算成功,https://health.tvbs.com.tw/medical/337491,醫療,健康星聞,,
愛吃香腸又怕致癌？譚敦慈授「事前2妙招」阻斷毒素生成 搭這天然解毒劑更沒負擔,https://health.tvbs.com.tw/regimen/337490,營養,營養對策,,
別吃高麗菜了！7款燙青菜纖維量比拚：「它」是高麗菜3倍 還能預防骨質疏鬆,https://health.tvbs.com.tw/nutrition/337470,營養,挑好食材,,
AI看「胃相」9秒揪出胃癌嫌疑犯！台大醫院研發 準確率9成以上,https://health.tvbs.com.tw/medical/337489,醫療,醫療焦點,,
「這鍋」嗑下去等於喝1杯全糖珍奶！營養師揭日本鍋物的肥胖陷阱,https://health.tvbs.com.tw/nutrition/337487,營養,營養對策,,
吸盤掛鉤黏不住一直掉！簡單2招秒讓吸盤「重生」恢復吸力,https://health.tvbs.com.tw/life/337486,樂生活,過好日子,,
2023年犯太歲點光明燈必知！光明燈這樣點才保平安 點錯引發負能量、勞苦一整年,https://health.tvbs.com.tw/life/337316,樂生活,命理星座,,
過年確診怎麼辦？通報、看診、領藥...「春節防疫專區」一鍵查詢,https://health.tvbs.com.tw/medical/337484,醫療,防疫快遞,,
久坐不動當心糖尿病、心臟病風險翻倍！醫教小技巧 避免「坐」出危機,https://health.tvbs.com.tw/medical/337483,養生,養生保健,,
2023年大年初一迎財神！命理師公開「最佳迎財神方位、吉時」 12生肖招財、開運穿著曝光,https://health.tvbs.com.tw/life/337481,樂生活,命理星座,,
鐵鍋用錯會傷害你的肝臟、胰臟！專家推薦鐵鍋「安全用法」不要再危害器官了,https://health.tvbs.com.tw/regimen/337482,營養,食安陷阱,,
500元也爆有假鈔！千元、百鈔都淪陷…小心這4組假序號 央行授3招秒辨真偽,https://health.tvbs.com.tw/life/337480,樂生活,過好日子,,
過年期間BA.5、BA.2.75雙主流病毒肆虐！王必勝：過年後疫情一定會再反彈！,https://health.tvbs.com.tw/medical/337479,醫療,防疫快遞,,
「日本國湯」超營養！每天1碗降膽固醇、防癌、減肥 改善更年期不適也有效,https://health.tvbs.com.tw/nutrition/337477,營養,營養對策,,
超級食物「台灣紅藜」抗癌、護心血管！專家曝紅藜麥功效 1煮法高纖又營養,https://health.tvbs.com.tw/regimen/337478,營養,挑好食材,,
吃烏魚子護心血管、預防動脈硬化！營養師曝烏魚子1煮法降低壞膽固醇更有效,https://health.tvbs.com.tw/nutrition/331383,營養,營養對策,,
顧眼睛別只吃紅蘿蔔！營養師推「12食物」是超猛「護眼神助攻」,https://health.tvbs.com.tw/nutrition/337476,營養,挑好食材,,
廚房水槽邊、浴室磁磚縫發霉怎麼辦？2方法輕鬆去除不費力 最快1分鐘全清,https://health.tvbs.com.tw/life/337474,樂生活,過好日子,,
女星媽賣雞排，第一次肺檢查驚見肺部白點！超怕肺癌 肺部白點原因不單純,https://health.tvbs.com.tw/medical/337475,醫療,健康星聞,,
工作愈忙人愈胖？營養師曝光「壓力肥」有6特徵 大推5類抗壓營養素必吃！,https://health.tvbs.com.tw/nutrition/337472,營養,營養對策,,
威力彩5.1億「4生肖」財運最好！專家分享「財神方位」3時段買彩券最旺財,https://health.tvbs.com.tw/life/337473,樂生活,命理星座,,
SMA女童「被健保放棄」赴陸治療！ 李伯璋：病人的苦是我當署長的痛,https://health.tvbs.com.tw/medical/337471,醫療,醫療焦點,,
中醫推過年紅酒「這樣配」能潤肺、改善貧血！「這時間」來喝酒最不傷身,https://health.tvbs.com.tw/nutrition/337295,中醫,藥膳茶飲,,
落髮、禿頭有救！吃木瓜可生髮？20種藥材具製藥潛力 桑葚、黑芝麻都上榜,https://health.tvbs.com.tw/medical/337292,營養,營養對策,,
胃潰瘍不能吃膳食纖維？國健署解答2種情況應多吃 「1種菜」急性發作時別吃,https://health.tvbs.com.tw/medical/337255,養生,養生保健,,
上腹痛找不到原因竟是「胰臟長水泡」！醫：不理恐成胰臟癌 出現5症狀莫輕忽,https://health.tvbs.com.tw/review/337273,影音,節目精華,醫療,醫療焦點
12生肖適合的「錢包顏色」！招財錢包這樣選 3顏色當心錢財流逝,https://health.tvbs.com.tw/life/337197,樂生活,命理星座,,
快開工卻懶洋洋？營養師激推3種「超級食物」 幫你快速開機找回活力,https://health.tvbs.com.tw/nutrition/337310,營養,營養對策,,
食譜／養頭皮生黑髮！髮為血之餘 豬肝+「生物素」補血又養髮！－金沙嫩豬肝,https://health.tvbs.com.tw/nutrition/337309,食譜,滋補菜,影音,節目精華
人27歲開始變笨？研究顛覆印象！曝長者這點反比年輕人好 醫揭成功老化關鍵,https://health.tvbs.com.tw/medical/337315,醫療,醫療焦點,,
肥胖致13種癌症婦癌風險飆7倍！名醫教3招減重預防癌症 改善血壓、血糖,https://health.tvbs.com.tw/review/337455,影音,名醫觀點,醫療,醫療焦點
一路冷到過年！年前氣溫3變化再降、初二恐寒流來襲 春節連假天氣預測曝,https://health.tvbs.com.tw/life/337469,樂生活,過好日子,,
年菜剩食華麗變身「低卡團圓湯鍋」！營養師教作新風味 熱量只350大卡,https://health.tvbs.com.tw/nutrition/331559,營養,挑好食材,,
春節伴手禮怎麼挑？營養師：堅果、海苔好零嘴！5類健康禮 小孩長輩都開心,https://health.tvbs.com.tw/nutrition/337307,營養,挑好食材,,
過年好累，快試懶人瘦身「毛巾減肥法」！每天躺5分鐘、腰瘦2寸,https://health.tvbs.com.tw/life/337285,養生,聰明減肥,,
過年可以喝幾杯酒？國健署這樣說 「4種人」不宜飲酒,https://health.tvbs.com.tw/life/337150,醫療,醫療焦點,,
天增歲月人增胖？營養師激推「五二輕斷食」年節輕鬆甩肉 快速燃脂,https://health.tvbs.com.tw/nutrition/331565,養生,聰明減肥,,
吃人參血糖會變高？中醫師揭反轉真相、竟能改善糖尿病？這幾類人小心不宜食用,https://health.tvbs.com.tw/regimen/337284,營養,營養對策,,
不鏽鋼鍋不是不會壞！這6個常見錯誤用法超傷 延長使用壽命只須3步驟,https://health.tvbs.com.tw/life/337308,樂生活,過好日子,,
年節飲食陷阱多 營養師教你避開地雷！烏魚子、豬腳「這樣吃」年後不發胖,https://health.tvbs.com.tw/nutrition/331479,營養,挑好食材,,
農曆新年別做這些事 小心窮神附體衰運連連！過年春節8招補財運、好運一整年,https://health.tvbs.com.tw/life/337313,樂生活,命理星座,,
過年熬夜打麻將小心乾眼症！中醫授3茶飲幫眼睛補水 1按摩法＋熱敷助改善,https://health.tvbs.com.tw/regimen/337286,養生,養生保健,,
1/16今日運勢適合大掃除！12星座財運大公開 水瓶投資穩定成長,https://health.tvbs.com.tw/life/337468,樂生活,命理星座,,
最強泡湯，15分鐘助瘦身！「飯前」泡才更瘦！3藥湯助消水腫、減脂、減壓,https://health.tvbs.com.tw/regimen/337282,養生,養生保健,,
吃大餐不用怕胖！醫師提「6招」幫你免忌口 也能快樂吃美食,https://health.tvbs.com.tw/nutrition/337321,養生,聰明減肥,,
想要快速減掉「新年肥」大吃蔬果餐！小心反而吃出肥肚,https://health.tvbs.com.tw/nutrition/314178,養生,聰明減肥,,
失眠自救「刺激控制療法」！躺下超過這時間睡不著就別睡 5招讓你不失眠,https://health.tvbs.com.tw/life/337075,醫療,醫療焦點,,
年夜菜吃不完？營養師授過年剩菜保存4招 減少致癌物、細菌不增生,https://health.tvbs.com.tw/nutrition/332299,營養,挑好食材,,
團圓火鍋用「這蔬菜」作湯底 營養更加分！營養師設計低脂年菜 2原則「避肥」,https://health.tvbs.com.tw/nutrition/331538,營養,挑好食材,,
減重博士推薦「最容易斷食法」！三餐正常吃瘦身又控糖 1招有效控制飢餓感,https://health.tvbs.com.tw/regimen/337302,養生,聰明減肥,,
15種過年傳統點心熱量曝光！營養師教你聰明吃 不怕熱量爆卡、血壓升高,https://health.tvbs.com.tw/nutrition/337279,營養,挑好食材,,
15道年菜熱量曝光！這道「最肥年菜」破4千大卡 營養師5吃法少胖3公斤,https://health.tvbs.com.tw/nutrition/337301,營養,挑好食材,,
鞭炮聲轟轟大響，沒做「1動作」當心你的聽力被秒殺,https://health.tvbs.com.tw/medical/313481,醫療,醫療焦點,,
北台灣3條超療癒山林步道！飽覽飛瀑美景、夢幻湖光仙境、360度山海景,https://health.tvbs.com.tw/life/331512,壯世代,玩樂慢活,,
下酒菜選「這些」不怕胖！營養師教「3標準」讓你過年也能吃的健康又美味,https://health.tvbs.com.tw/nutrition/337320,營養,挑好食材,,
2023年媳婦除夕回婆家過年攻略！3招與婆婆相處過好年 發生婆媳問題先生該站哪一邊？,https://health.tvbs.com.tw/life/331536,樂生活,親子家庭,,
春節出遊做這些準備不暈車暈機 小綠豆貼在這個穴可快速止暈！,https://health.tvbs.com.tw/regimen/313484,中醫,穴位保健,,
眩暈一直治不好？她靠「1營養素」已3個月沒發作！失眠、掉髮也改善,https://health.tvbs.com.tw/medical/337318,營養,營養對策,,
過年熬夜通宵，這樣補眠最有效率！營養師分享3祕技＋3食物 修復生理時鐘,https://health.tvbs.com.tw/regimen/337314,營養,營養對策,,
圍爐暗藏血栓危機！營養師警告：吃長年菜、人參注意1件事,https://health.tvbs.com.tw/review/331221,影音,節目精華,營養,挑好食材
春節吃蝦「長壽」！草蝦呵護心血管 不要跟這種食物一起吃,https://health.tvbs.com.tw/nutrition/322298,營養,挑好食材,,
過年吃橘子大吉大利！「這樣吃」降癌症風險、減靜脈曲張,https://health.tvbs.com.tw/nutrition/322299,營養,挑好食材,,
美第一夫人皮膚癌！臉上長癌天天照鏡子卻不自知！眼睛下斑點「長這樣」危險了,https://health.tvbs.com.tw/medical/337466,醫療,健康星聞,,
年運交接12生肖「這樣做」翻好運！虎放空歸零「這生肖」小心樹大招風,https://health.tvbs.com.tw/life/337465,樂生活,命理星座,,
半夜腿抽筋該補鈣？醫揭迷思教「３撇步」可改善兼預防！「這招」立刻見效,https://health.tvbs.com.tw/medical/337467,養生,養生保健,,
本土病例周減15.7%！今+20972 境外移入298中國入境旅客陽性率日減,https://health.tvbs.com.tw/medical/337464,醫療,防疫快遞,,
1/15～1/21一周生肖運勢 「蛇、兔、猴」最好運 1生肖有望升遷,https://health.tvbs.com.tw/life/337421,樂生活,命理星座,,
1/15今日星座運勢 專家曝12星座貴人！處女、天秤財運佳 投資獲利豐厚,https://health.tvbs.com.tw/life/337457,樂生活,命理星座,,
氣溫跳水 8縣市低溫特報！國健署籲穿乎燒 年貨「這樣辦」天冷不傷心,https://health.tvbs.com.tw/life/337463,樂生活,過好日子,,
本土個案增2萬例！這縣市確診破4千 40多歲男打3劑仍染疫過世,https://health.tvbs.com.tw/medical/337462,醫療,防疫快遞,,
1/14今日3星座財運大旺！2星座可望告別成功、射手陷熱戀 這星座工作表現亮眼,https://health.tvbs.com.tw/life/337461,樂生活,命理星座,,
尿色正常也可能罹癌？有血尿小心「不會痛的」更可怕！醫示警這癌症狀不明顯、3類人最高危,https://health.tvbs.com.tw/medical/337459,癌症,抗癌醫學,,
泡腳能緩靜脈曲張！中醫教「4泡腳藥方2茶飲」幫你紓壓、助眠、治腳臭,https://health.tvbs.com.tw/regimen/337458,養生,養生保健,,
全台首例！台大醫院完成「活體肺葉移植」父母各捐一半肺救11歲愛女,https://health.tvbs.com.tw/medical/337456,醫療,醫療焦點,,
日醫「傍晚抬腿操」有效改善夜尿！每天30分鐘不再晚上起來上廁所,https://health.tvbs.com.tw/regimen/337451,養生,養生保健,,
西洋參、高麗參、丹參功效有哪些？我適合吃花旗參嗎？中醫師1招判斷,https://health.tvbs.com.tw/regimen/337450,中醫,藥膳茶飲,,
白蘿蔔這樣煮妙變大寒補湯！醫推這些「大寒養生法」 素食也能滋補有方,https://health.tvbs.com.tw/regimen/337452,養生,養生保健,,
23屆國家醫療品質獎揭曉！北榮獲22件獎項肯定 智慧醫療成果亮眼,https://health.tvbs.com.tw/medical/337449,醫療,醫療焦點,,
吃冰花降血脂、預防高血壓！營養專家曝冰花菜5功效 1冰花菜料理美味又營養,https://health.tvbs.com.tw/nutrition/337448,營養,挑好食材,,
腸胃炎吃白粥、白吐司更傷胃！拉肚子先吞止瀉藥拖更久！江坤俊教你吃這食物加速復原,https://health.tvbs.com.tw/review/337446,影音,專家達人,營養,營養對策
貓王獨生女心臟停跳CPR救回，送醫卻不治！醫：晚1分CPR死亡率增7％！3原因難「C」回來,https://health.tvbs.com.tw/medical/337447,醫療,健康星聞,,
疫情微降溫！本土新增21384 境外移入353 次世代疫苗掀搶打潮,https://health.tvbs.com.tw/medical/337445,醫療,防疫快遞,,
水垢、尿垢、油垢怎麼清潔最乾淨？清潔劑用錯恐送急診 4招正確使用免灼傷,https://health.tvbs.com.tw/medical/337443,樂生活,過好日子,,
鍋底燒焦好難刷？加2種材料洗清超輕鬆 簡單3步驟讓鍋子亮晶晶,https://health.tvbs.com.tw/life/337442,樂生活,過好日子,,
營養師揭「4肥肚」形成關鍵！腰腹部太胖 恐增加罹患心血管疾病機率,https://health.tvbs.com.tw/nutrition/337441,醫療,醫療焦點,,
老了容易痠不是老化，做家事姿勢大錯才是問題！簡文仁教你邊做家事還能強肌力,https://health.tvbs.com.tw/review/337440,影音,專家達人,養生,養生保健
別亂用！這種痘痘才能用痘痘貼 醫授：痘痘貼什麼時候貼、怎麼挑,https://health.tvbs.com.tw/medical/337439,醫療,醫療焦點,,
空污嚴重，開車要「關窗」還「開窗」？什麼時候選車內循環？國健署這樣說,https://health.tvbs.com.tw/life/337012,樂生活,過好日子,,
改善敏感肌，要先治「上火」？中醫教「2招」同步調理腸胃與皮膚 找回好氣色,https://health.tvbs.com.tw/medical/337188,中醫,中醫治病,,
食譜／韓國爆紅ABC果汁！經典款+2味 解便祕、消小腹 腸道掃除再升級－進階版ABC果汁,https://health.tvbs.com.tw/nutrition/337140,食譜,輕食甜點,影音,節目精華
每周吃3次就能清血管 魚類OMEGA-3含量排行榜！冬天暖身護心必吃這些,https://health.tvbs.com.tw/nutrition/337437,營養,挑好食材,,
睡眠軟糖、褪黑激素無法幫助睡眠！過量恐血清素中毒、影響生殖內分泌系統,https://health.tvbs.com.tw/medical/337021,營養,營養對策,,
食補當宵夜吃飽就躺平 胃食道逆流冬天更好發！中年男猛吃鍋「腸中風」,https://health.tvbs.com.tw/medical/337175,醫療,醫療焦點,,
尾牙、圍爐吃不停，怎麼瘦得了？營養師教吃不胖4祕訣 避開3地雷飲料,https://health.tvbs.com.tw/nutrition/337436,養生,聰明減肥,,
T老師信箱／打完BNT疫苗後心悸 還能打次世代疫苗嗎？,https://health.tvbs.com.tw/medical/337435,醫療,專家給問,,
天氣乾冷狂被電？冬季乾燥臉紅紅、皮膚癢？醫師親授5招不藥而癒,https://health.tvbs.com.tw/medical/337155,醫療,醫療焦點,,
不只咖啡，球王梅西喜愛的「這款飲料」也有咖啡因！喝咖啡會骨鬆嗎？營養師給答案,https://health.tvbs.com.tw/nutrition/337172,養生,名人養生,,
改善魚尾紋6招！「用按的」也有效 這樣按還能消除法令紋、抬頭紋,https://health.tvbs.com.tw/medical/336967,壯世代,減齡變年輕,,
DIY自製紅豆年糕超簡單：紅豆粄食譜大公開！快學起來 呷甜甜好過年,https://health.tvbs.com.tw/life/337147,食譜,輕食甜點,,
動不動就跑廁所？中醫教「1動作」分辨「3種頻尿體質」找出源頭根治尿急,https://health.tvbs.com.tw/medical/337185,中醫,中醫治病,,
吃豬腳、啃雞爪可以補充膠原蛋白？常見膠原蛋白食物大集合 一圖秒知,https://health.tvbs.com.tw/nutrition/337116,營養,挑好食材,,
關節痛就是痛風？不痛了不代表沒事！小心恐藏這些疾病 醫提醒3原則助預防,https://health.tvbs.com.tw/medical/337137,醫療,醫療焦點,,
吉星高照！4星座春節前後好事降臨 貴人提攜錢多多「這星座」簡直吉祥物,https://health.tvbs.com.tw/life/337433,樂生活,命理星座,,
30歲輕熟女跌倒就骨折 原來嚴重骨鬆！醫揭原因「紙片人」要小心,https://health.tvbs.com.tw/medical/337124,醫療,醫療焦點,,
屁股皮膚又粗又乾？臀部有棕黑色條紋 坐硬椅子小心這種「皮膚病」,https://health.tvbs.com.tw/medical/337019,醫療,醫療焦點,,
醫曝：有慢性胃炎會缺「5營養素」！貧血、骨鬆、憂鬱全都跟「它」有關,https://health.tvbs.com.tw/medical/337158,營養,營養對策,,
你的神經衰弱、黑眼圈都是腎虛害的！吃3大類食物養好腎 山藥、芋頭補氣益智,https://health.tvbs.com.tw/regimen/337101,營養,營養對策,,
食物好貴怎麼吃才營養？身心靈名醫放大絕！「協同飲食」聰明吃 營養1+1>2,https://health.tvbs.com.tw/regimen/337176,營養,營養對策,,
1/13今日星座運勢 獅子盈收有望創新高、雙魚在外遇金主 「這星座」財運利衝剌,https://health.tvbs.com.tw/life/337434,樂生活,命理星座,,
氣炸鍋料理入門！氣炸地瓜零技巧新手也不失敗 氣炸地瓜條2招口感更酥脆,https://health.tvbs.com.tw/life/337123,食譜,輕食甜點,,
女生也會禿頭嗎？頭髮稀疏原因曝！中醫設計3種食療適合不同體質擺脫掉髮,https://health.tvbs.com.tw/regimen/337173,中醫,藥膳茶飲,,
天冷好泡湯！全台10大必訪溫泉 附設湯屋餐廳泡湯小心「這時間後」才能泡！,https://health.tvbs.com.tw/life/337171,壯世代,玩樂慢活,,
拉肚子又水腫？好胖卻手腳冰冷？破解你的「發胖體質」：徹底調理 減肥才有效,https://health.tvbs.com.tw/regimen/337099,養生,聰明減肥,,
過年吃蘿蔔糕 來年步步高升！快跟著4步驟自製蘿蔔糕 客家菜頭粄美味好彩頭,https://health.tvbs.com.tw/life/337121,食譜,輕食甜點,,
洋蔥是「超級食物」！有助心血管和腸道健康 還能幫肝腎排毒抗癌 2類人需適量,https://health.tvbs.com.tw/nutrition/336965,營養,挑好食材,,
小擦傷竟變截肢！這類病患腳若潰瘍「平均餘命僅6年」 無症狀也要做2動作助預防,https://health.tvbs.com.tw/medical/337087,醫療,醫療焦點,,
用吃發熱 辣椒爆汗 洋蔥減少疲倦感！7種「產熱食物」讓你自帶暖爐,https://health.tvbs.com.tw/nutrition/337117,營養,挑好食材,,
酒是熱性還是涼性？中醫解密「酒的性味」生理期間女性盡量少喝,https://health.tvbs.com.tw/regimen/337156,營養,挑好食材,,
「為什麼是我罹癌？」她感謝自己罹患乳癌 新生活回到最初的快樂,https://health.tvbs.com.tw/life/337151,癌症,抗癌醫學,,
豆製品這樣吃改善更年期症狀最有效！日醫曝3種「豆製品黃金組合」,https://health.tvbs.com.tw/nutrition/337122,營養,營養對策,,
食譜／異國美食也顧健康！多種食材含維生素B3 幫助遠離皮膚病變－洋菇乾酪燉飯,https://health.tvbs.com.tw/nutrition/337097,食譜,滋補菜,影音,節目精華
網友大推8種護肝食物 醫推「含這成分」就能護肝！肝硬化喝這杯助防肝癌,https://health.tvbs.com.tw/nutrition/337165,營養,營養對策,,
10大穴位愈按愈健康！網友最推這穴位，止經痛、頭痛、腹痛超有效！,https://health.tvbs.com.tw/regimen/337164,中醫,穴位保健,,
長輩是健忘還是遺忘？醫曝「關鍵差別」 一張圖秒懂失智,https://health.tvbs.com.tw/medical/337118,醫療,醫療焦點,,
陳月卿公開「順時養生法」 一天這樣過越來越健康！,https://health.tvbs.com.tw/medical/337118,養生,名人養生,,
過年炸年糕總是油膩膩？名廚傳授祕技煎出「酥脆不黏鍋」 加碼教你創意吃法,https://health.tvbs.com.tw/regimen/337159,食譜,輕食甜點,,
醫曝少吃1食物老得慢！這數值增1％死亡率飆28％,https://health.tvbs.com.tw/nutrition/337033,營養,營養對策,,
手腳冰冷3大原因，小心末梢堵住了！中醫教你提升陽氣不冰冷 起床先喝一杯,https://health.tvbs.com.tw/regimen/337225,中醫,中醫治病,,
1分鐘平衡自律神經！博士教你按耳朵、吞嚥訓練 活化腦幹遠離莫名不舒服,https://health.tvbs.com.tw/regimen/337170,養生,養生保健,,
體內別積毒！日本抗老名醫推薦「家常排毒時間」，吃這些食材除了排毒還能健腦,https://health.tvbs.com.tw/regimen/337174,營養,營養對策,,
再長高6公分！兒科醫師真心話：讓孩子長更高的12項有效對策,https://health.tvbs.com.tw/medical/337169,醫療,醫療焦點,,
3個地方看出血循不通暢，小心腦中風！活絡心血管的藥方有哪些？,https://health.tvbs.com.tw/medical/337168,中醫,藥膳茶飲,中醫,穴位保健
美甲修皮手指變修長，染「非結核分枝桿菌」變深部感染！過年想美甲要小心,https://health.tvbs.com.tw/medical/337432,醫療,醫療焦點,,
選對「茶」，養生更簡單！中醫師從「五行」分類 幫你找出最適合的養身茶,https://health.tvbs.com.tw/medical/337430,中醫,藥膳茶飲,,
寒冬腳冰冷又腳麻？當心「腳中風」嚴重恐截肢 醫授2簡單居家運動保健雙腳,https://health.tvbs.com.tw/review/337431,影音,節目精華,養生,養生保健
葡萄、櫻桃是補鐵聖品？營養師：豬血才補！配芭樂高C水果更好,https://health.tvbs.com.tw/nutrition/337429,營養,營養對策,,
染髮致癌又傷身？醫：染髮劑推薦這樣挑 2招保護頭皮不掉髮、排出體內重金屬,https://health.tvbs.com.tw/regimen/337420,樂生活,過好日子,,
老是分心怎麼辦？1招開發大腦 有效提升專注力,https://health.tvbs.com.tw/life/337428,壯世代,玩樂慢活,,
月經來能進補嗎？中醫授5招自我檢測 2類人勿吃！小心血崩、養大肌瘤,https://health.tvbs.com.tw/regimen/337427,中醫,藥膳茶飲,,
苦茶油、茶籽油一樣嗎？喝苦茶油顧胃？營養師教你「這樣喝」！但胃抽筋不管用,https://health.tvbs.com.tw/nutrition/337426,營養,營養對策,,
3種人不適合大掃除！老婦做家事竟骨折 醫授3招「超省力掃除法」,https://health.tvbs.com.tw/medical/337423,醫療,醫療焦點,,
柳丁1顆纖維就有3.5克！是「最好吃的維他命」！9成國人纖維不足，快來吃柳丁,https://health.tvbs.com.tw/nutrition/337425,營養,挑好食材,,
過年清冰箱！專家授正確清潔6步驟 用2種布擦小心加速損壞,https://health.tvbs.com.tw/life/337419,樂生活,過好日子,,
養好「肺」，能變美！中醫教刮痧「1經絡」能調節肺氣 增強免疫力,https://health.tvbs.com.tw/regimen/337422,中醫,穴位保健,,
李翊君驚吐多年隱疾纏身！無法接戶外活動 皮膚白女性最常見 這季節好發,https://health.tvbs.com.tw/medical/337418,醫療,健康星聞,,
陳維齡自曝「私密處飄臭味」！醫曝3種瓜改善泌尿道感染 1茶飲天天喝有效預防,https://health.tvbs.com.tw/medical/337417,醫療,健康星聞,,
感染新冠會傷害器官？指揮中心：僅早期病毒株，Omicron沒證據！預防性用藥再開放2類人使用,https://health.tvbs.com.tw/medical/337416,醫療,防疫快遞,,
糖尿病運動「2禁忌」小心低血糖出事！運動易發生低血糖者 醫授防範技巧,https://health.tvbs.com.tw/medical/337414,醫療,醫療焦點,,
減重時別把豆漿當水喝！醫揭「原型食物4陷阱」 避開這些才能成功甩肉,https://health.tvbs.com.tw/nutrition/337413,養生,聰明減肥,,
送神日2023年「最完整送神清囤」流程！發財、去霉運2招 發財金趕緊這天還神明,https://health.tvbs.com.tw/life/337411,樂生活,命理星座,,
喉嚨卡卡咳不停？「金花朝陽功」通肺氣！「太極三運法」預防心臟病,https://health.tvbs.com.tw/review/337412,影音,節目精華,運動,氣功調氣
50歲OL眼乾澀狂點人工淚液卻無效 醫：這種眼睛乾不是乾眼症！治對了連皺眉紋都可消,https://health.tvbs.com.tw/medical/337410,醫療,醫療焦點,,
長輩拍痰全攻略！痰累積體內竟讓小病變大病，造成嚴重肺部感染,https://health.tvbs.com.tw/medical/337409,醫療,醫療焦點,,
財神降臨4生肖、4星座！命理專家曝「威力彩最佳下注時間」 這種人會中頭獎,https://health.tvbs.com.tw/life/337408,樂生活,命理星座,,
蘋果切法都錯了！「這樣切」保留更多營養 便祕、腹瀉吃法不同 去除蘋果蠟1招管用,https://health.tvbs.com.tw/nutrition/337407,營養,挑好食材,,
1/12今日星座運勢 天秤座加薪有望、魔羯正財運勢好「這星座」獲利超快 錢滾錢,https://health.tvbs.com.tw/life/337406,樂生活,命理星座,,
鍋具茶杯殘留咖哩黃漬怎去除？清洗前多加1物輕鬆去漬！冬天喝「薑黃奶」驅寒也不麻煩,https://health.tvbs.com.tw/life/337405,樂生活,過好日子,,
心理醫師破除「家暴4迷思」！脫離親密關係暴力 杜絕恐怖情人,https://health.tvbs.com.tw/life/337402,樂生活,親子家庭,,
不要再問孩子「好不好」！當心養出壞孩子 吃飯、睡覺時間這樣說才對,https://health.tvbs.com.tw/life/337403,樂生活,親子家庭,,
楊紫瓊本人比電影中年輕20歲！保養都靠「這個」每天照她這樣做你也會變年輕,https://health.tvbs.com.tw/regimen/337404,養生,名人養生,,
疫情間愈來愈多民眾「沒做這件事」 醫界憂腸癌人數恐遽增！示警有8大徵兆速就醫,https://health.tvbs.com.tw/medical/337401,醫療,醫療焦點,,
他有運動習慣 血管卻慘比同齡老10歲！醫揪2飲食習慣害器官壞光 1招血管回春,https://health.tvbs.com.tw/medical/337343,醫療,醫療焦點,,
喝醋改變酸鹼體質？專家：別太期待！醋別太早加「這時間點」最好,https://health.tvbs.com.tw/regimen/337400,營養,挑好食材,,
46歲蕭煌奇狂瘦15公斤！他戒2食物體重回到20年前 營養師最推3種「優質澱粉食物」減重又降三高,https://health.tvbs.com.tw/regimen/337399,養生,名人養生,,
失眠快按「5奇穴」！紅棗、龍眼肉可改善失眠 中醫教你這樣做,https://health.tvbs.com.tw/medical/337398,中醫,穴位保健,,
空腹血糖偏高怎麼辦？醫曝3件事害你飯前血糖升高起伏 4招拒當糖尿病預備役,https://health.tvbs.com.tw/medical/337397,醫療,醫療焦點,,
年底大掃除痛到手不舉？快按「3神穴」鬆筋絡除痠痛！上班族歪腰也管用,https://health.tvbs.com.tw/review/337378,影音,節目精華,中醫,穴位保健
女生2種小便姿勢會引尿失禁、子宮下垂？泌尿科醫師正解「這樣」最好尿！,https://health.tvbs.com.tw/medical/337396,醫療,醫療焦點,,
運動過度易引發「急性痛風」 中醫從舌相看「痛風3體質」1粥品助改善,https://health.tvbs.com.tw/review/337395,影音,節目精華,中醫,藥膳茶飲
吃腦補腦、吃魚眼顧眼睛？中醫教你春節這樣「以形補形」才有效 飲食注意3重點,https://health.tvbs.com.tw/regimen/337394,營養,營養對策,,
醫師大推！過年零食必吃「這1種」：防骨鬆、護血管 動物研究證實降脂肪肝,https://health.tvbs.com.tw/nutrition/337393,營養,營養對策,,
自律神經失調？快試試1分鐘自律神經恢復操：不吃藥就能擺脫胸悶、心悸,https://health.tvbs.com.tw/regimen/337391,養生,養生保健,,
何戎結婚20多年祕訣 他曝維持美好婚姻要靠「第三者」！,https://health.tvbs.com.tw/life/337392,樂生活,親子家庭,,
1縣市新增病例破5千！大白肺台商病毒定序出爐 這些年齡層可免費領快篩試劑,https://health.tvbs.com.tw/medical/337390,醫療,防疫快遞,,
拔完牙醫師推吃冰淇淋？不想拔牙傷口摩擦發炎 牙醫師推5食物助復原,https://health.tvbs.com.tw/medical/337387,營養,營養對策,,
搭飛機戴口罩就可以防XBB.1.5嗎？醫說2時機更容易染疫！確診者前後「這幾排」危險了,https://health.tvbs.com.tw/medical/337388,醫療,防疫快遞,,
旅日最新攻略！2023暢遊日本刷哪張信用卡最划算？刷JCB享10％回饋金,https://health.tvbs.com.tw/life/337386,壯世代,玩樂慢活,,
中醫示警：皮膚乾癢千萬別吃5種發物 會害你更痛苦！大推1物潤膚止癢超有效,https://health.tvbs.com.tw/regimen/337385,養生,養生保健,,
玻璃杯水痕洗不掉？靠2家中常見法寶輕鬆去除 秒讓杯子亮晶晶,https://health.tvbs.com.tw/life/337382,樂生活,過好日子,,
嘴唇反覆乾裂脫皮，擦護唇膏也沒用？小心嘴唇慢性發炎！3時機必擦護唇膏,https://health.tvbs.com.tw/medical/337383,醫療,醫療焦點,,
關東煮貢丸、甜不辣、豬血糕，它竟是「熱量冠軍」 這款鈉含量超驚人,https://health.tvbs.com.tw/nutrition/337384,營養,挑好食材,,
2023年貨採買、年菜保存攻略！營養師曝6妙招 不怕食物過期、腐敗,https://health.tvbs.com.tw/nutrition/337380,營養,挑好食材,,
小年夜就是大寒！如何開運？春聯「這時間點」要換掉 特殊祕法幫你化解誤會,https://health.tvbs.com.tw/life/337379,樂生活,命理星座,,
香菜是地獄食物？營養師揭香菜「5大益處」降血脂還護腦 怕味道重可試粉末香料,https://health.tvbs.com.tw/nutrition/337381,營養,營養對策,,
1/11星座運勢 水火齊逆挑戰多 巨蟹不急躁有進展 「這星座」財神爺在外地,https://health.tvbs.com.tw/life/337374,樂生活,命理星座,,
健康煮菜從「選」開始！做飯融入「營養3元素」 年菜吃的美味沒負擔,https://health.tvbs.com.tw/nutrition/337377,營養,挑好食材,,
日網紅創「拉筋增高減重法」瘦8公斤還長高！專家解析關鍵、加碼授1動作增高更有效,https://health.tvbs.com.tw/review/337375,影音,節目精華,養生,名人養生
突然性格大變、無理取鬧？撞傷頭當心「延遲性出血」 醫揭必觀察2指標,https://health.tvbs.com.tw/review/337376,影音,節目精華,醫療,醫療焦點
測血糖不必天天扎手指！串聯APP手機一掃即知 避免血糖坐雲霄飛車,https://health.tvbs.com.tw/medical/337373,醫療,醫療焦點,,
大掃除「這樣掃」養活腎氣、人不累！彥寬老師：避免痠痛、閃到腰全靠2招,https://health.tvbs.com.tw/review/337372,影音,節目精華,運動,氣功調氣
宋慧喬為演出《黑暗榮耀》連吃2個月魔芋飯！營養師曝長期恐掉髮、指甲斷裂,https://health.tvbs.com.tw/nutrition/337370,養生,名人養生,,
2023年不合格春節應景食品曝光！大潤發白花椰菜、寶雅方角香魚片都上榜,https://health.tvbs.com.tw/nutrition/337368,營養,食安陷阱,,
失智症患者過年意外多！提前做好「紓壓與防走失」措施 才能快樂過好年,https://health.tvbs.com.tw/life/337371,養生,養生保健,,
聲音沙啞聲帶治療沒效！可能要喬「這個骨」！男子手術後終於不再鴨子嗓、吃飯不嗆咳,https://health.tvbs.com.tw/medical/337369,醫療,醫療焦點,,
身材瘦也會脂肪肝原因曝光！5招逆轉脂肪肝免吃藥 醫曝3食物少碰為妙,https://health.tvbs.com.tw/medical/337367,醫療,醫療焦點,,
隔夜菜致癌？隔夜菜安心吃撇步曝光：杜絕致癌物質生成！多吃1物阻斷毒物,https://health.tvbs.com.tw/nutrition/337366,營養,挑好食材,,
退燒止痛「藥」注意！醫曝「這些人」服藥時要注意 正確服用才不傷身,https://health.tvbs.com.tw/medical/337364,醫療,醫療焦點,,
女星重摔躺床半個月凶手竟是「它」！醫曝摔傷屁股千萬別推拿 摔倒第一時間這樣做好得快,https://health.tvbs.com.tw/medical/337363,醫療,醫療焦點,,
被撞到「死穴」美式足球員心臟停止！不是武俠小說裡的神話 權威名醫：真有死穴！,https://health.tvbs.com.tw/medical/337365,醫療,醫療焦點,,
日本人長壽世界第一！營養師分析原因：常吃6食物＋2習慣 抗發炎又護血管,https://health.tvbs.com.tw/regimen/337361,營養,營養對策,,
冷凍蔬菜沒營養？料理時要解凍？營養師親破4大誤解 選購時遇「這情況」別買,https://health.tvbs.com.tw/nutrition/337362,營養,挑好食材,,
痛風要人命！營養師大推4招消除痛風結石 每天多吃2食物尿酸全排光,https://health.tvbs.com.tw/medical/337360,養生,養生保健,,
境外移入新增560例創新高！醫：和大陸人流來往防範不易 毒性是否增強要監控,https://health.tvbs.com.tw/medical/337359,醫療,防疫快遞,,
李連杰甲狀腺亢進59歲像80幾歲！醫：甲亢代謝加速易老化，不治恐甲狀腺風暴或變癡肥,https://health.tvbs.com.tw/medical/337357,醫療,健康星聞,,
6種家暴男面相快遠離！命理專家曝恐怖情人五官特徵 這種人控制慾超強,https://health.tvbs.com.tw/life/337356,樂生活,命理星座,,
脖子肩膀很僵硬？醫警告：千萬別按摩！3招改善「肌筋膜疼痛症」,https://health.tvbs.com.tw/review/337358,影音,專家達人,養生,養生保健
鍋蓋油垢黑邊洗不掉？教你1招清潔不費力 10分鐘就能光亮如新蓋,https://health.tvbs.com.tw/life/337355,樂生活,過好日子,,
吃魚油保護心血管？小心魚油吃太多心房顫動、心律不整！建議吃「這個量」最剛好,https://health.tvbs.com.tw/medical/337354,營養,營養對策,,
六旬婦臉色發黃竟是「癌王」胰臟癌來討命！胰臟癌症狀有哪些？這年紀很危險,https://health.tvbs.com.tw/medical/337352,醫療,醫療焦點,,
1/10今日星座運勢「3星座」注意！現在是開發財路好時機 大賺一筆趁現在,https://health.tvbs.com.tw/life/337353,樂生活,命理星座,,
兔年屬兔安太歲？這3生肖比兔更慘！1招逢凶化吉 黑兔年逢雙春、閏二月 下次再等1260年,https://health.tvbs.com.tw/life/337327,樂生活,命理星座,,
財神黏緊緊 4生肖財運噴發旺到農曆年後！中獎連連 路上都能撿到錢,https://health.tvbs.com.tw/life/337351,樂生活,命理星座,,
愛愛就頭痛？醫：恐是致命前兆！姿勢扭曲讓「腦袋漏水」該補腦洞,https://health.tvbs.com.tw/medical/337350,醫療,醫療焦點,,
最便宜健檢在家就能做！從5大尿色看疾病警訊 變這顏色恐腎臟出事了,https://health.tvbs.com.tw/review/337349,影音,節目精華,醫療,醫療焦點
泰國長公主突昏迷找到病因！竟是「這菌」爆發心肌炎引發心律不整 醫：小感冒別輕忽,https://health.tvbs.com.tw/medical/337348,醫療,健康星聞,,
餡老滿「竹笙」殺蟲劑超標54倍！全聯白木耳含生長調節劑 1五星飯店巴西蘑菇含重金屬,https://health.tvbs.com.tw/medical/337347,營養,食安陷阱,,
每天吃西藥？吃藥膳小心了！中西藥交互作用恐越補越大洞「這種糖」別當零食猛吃,https://health.tvbs.com.tw/medical/337346,醫療,醫療焦點,,
春節恐怖危機！醫盤點過年必做5件事藏中風和心臟病危機！這樣做趨吉避凶,https://health.tvbs.com.tw/medical/337344,醫療,醫療焦點,,
59歲洪榮宏從來沒胖過 原來每天健走7千步！醫曝健走5要點 這樣走防糖尿病、關節炎、骨鬆,https://health.tvbs.com.tw/medical/337342,養生,名人養生,,
天氣冷手指就發白？中醫揭「雷諾氏症」發病5大原因 中醫輔助緩解有方,https://health.tvbs.com.tw/medical/337341,中醫,中醫治病,,
吃青花苗幫肝臟解毒、抗癌！青花椰苗抗氧化力是花椰菜20倍以上 1吃法吸收好,https://health.tvbs.com.tw/nutrition/337340,營養,挑好食材,,
吃飯太快不只容易胖，還會招來2個風險！營養師提醒：不要一個人吃飯,https://health.tvbs.com.tw/regimen/337339,養生,聰明減肥,,
40歲女確診當天過世！大白肺台商病毒檢驗中 BA.5仍為主流 BA.2.75、BF.7增加中,https://health.tvbs.com.tw/medical/337337,醫療,防疫快遞,,
食物掉地上「3秒內」能吃嗎？醫曝下場超慘母湯啊！「這類人」萬萬不可,https://health.tvbs.com.tw/medical/337338,醫療,醫療焦點,,
長壽關鍵找到了 抗老藥物現曙光！,https://health.tvbs.com.tw/medical/337336,醫療,醫療焦點,,
冥想紓壓沒有用？研究指出：撫摸毛孩就能舒緩壓力 效果長達6周！,https://health.tvbs.com.tw/life/337345,樂生活,心靈雞湯,,
不鏽鋼鍋黑漬怎麼除？加「2清潔神物」去污超省力 材料好買又便宜,https://health.tvbs.com.tw/life/337334,樂生活,過好日子,,
4生肖、4星座財運最旺！命理專家公布「開運時辰、財運方位」 威力彩下注前做這件事發大財,https://health.tvbs.com.tw/life/337335,樂生活,命理星座,,
拉麵配煎餃 熱量大爆表！營養師曝「拉麵熱量燈號區」 選對搭配很重要,https://health.tvbs.com.tw/nutrition/337333,營養,挑好食材,,
喝牛奶補鈣？這些高鈣神物才是存骨本高手！補鈣再多吃4食物留住鈣質效果好,https://health.tvbs.com.tw/nutrition/337330,營養,挑好食材,,
食譜／非常下飯菜！最道地的客家美味 鹹香味喚醒青春荷爾蒙－高鈣蒟蒻客家小炒,https://health.tvbs.com.tw/nutrition/337332,食譜,滋補菜,影音,節目精華
討厭青椒、喜歡甜椒嗎？營養師揭青椒身世「這顏色」纖維最高 橙椒最護眼,https://health.tvbs.com.tw/nutrition/337329,營養,挑好食材,,
煮紅豆水都買錯！消水腫得用這種！紅豆水別煮成「紅豆湯」效果差很多,https://health.tvbs.com.tw/regimen/337331,營養,營養對策,,
周三起回暖！年前大掃除快趁這3天 周日變天遽降溫「恐達寒流等級」,https://health.tvbs.com.tw/life/337328,樂生活,過好日子,,
健保部分負擔漲定了！藥費最高收300元 首次慢箋要收費 最快上半年上路,https://health.tvbs.com.tw/medical/337325,醫療,醫療焦點,,
血壓超過「這數值」，失智症風險大增！量血壓時注意：這些事不要做,https://health.tvbs.com.tw/medical/337326,醫療,醫療焦點,,
冬天腳痛、腳冰正常嗎？小心「這疾病」恐截肢 每周走路半小時可預防兼治療,https://health.tvbs.com.tw/medical/337324,影音,名醫觀點,醫療,醫療焦點
1/9今日星座運勢 要有斷捨離準備！1星座小投資大獲利 處女座獲貴人指點,https://health.tvbs.com.tw/life/337323,樂生活,命理星座,,
她長期吃素卻便祕長痔瘡「腫到比男生拳頭大」！5習慣害便祕 猛吃纖維也沒用,https://health.tvbs.com.tw/medical/337238,醫療,醫療焦點,,
30歲男打5劑疫苗仍確診過世！增2.3萬本土個案 6都疫情最嚴重「這縣市」逾4千,https://health.tvbs.com.tw/medical/337322,醫療,防疫快遞,,
1/8～1/14一周生肖運勢 「狗、牛、馬」超好運，1生肖運勢最差要小心,https://health.tvbs.com.tw/life/337305,樂生活,命理星座,,
1/8今日星座運勢 12星座「幸運顏色」看這裡！獅子座將遇見桃花,https://health.tvbs.com.tw/life/337298,樂生活,命理星座,,
2年來首見腸病毒重症！5月大女嬰咳嗽有痰突發無呼吸心跳 D68型腸病毒易誤為感冒，小心！,https://health.tvbs.com.tw/medical/337317,醫療,防疫快遞,,
年用2億顆 高血壓藥「脈優」卡鐵絲遭投訴！將回收2批號600萬顆,https://health.tvbs.com.tw/medical/337312,醫療,醫療焦點,,
鼾聲如雷是警訊！「這些人」易有睡眠呼吸中止症 醫教「4招」治打呼睡好覺,https://health.tvbs.com.tw/medical/337306,醫療,醫療焦點,,
黑木耳是血管清道夫 1吃法補維生素D存骨本！營養師曝8食物護心、調節血脂,https://health.tvbs.com.tw/nutrition/337304,營養,營養對策,,
中國台商「大白肺」病危！醫師籲快驗病毒株 中國入境旅客主要驗出這3種病毒,https://health.tvbs.com.tw/medical/337303,醫療,防疫快遞,,
冬天補氣活血！來碗胡椒玉米蓮藕湯暖胃驅寒 加1物「蛋白質比豆腐還高」,https://health.tvbs.com.tw/regimen/337299,食譜,養生湯,,
新冠確診病例數累計突破900萬例！仍有7縣市單日破千例,https://health.tvbs.com.tw/medical/337300,醫療,防疫快遞,,
陳喬恩呼吸中止50秒！尪爆料她「恐龍式打呼」幸已治好，醫：不治失智風險高2倍,https://health.tvbs.com.tw/medical/337297,醫療,健康星聞,,
天冷臉紅褪不掉、冒痘狂出油？小心蟲蟲爬臉啃食中！眼睛也會受影響 日常4動作助預防,https://health.tvbs.com.tw/medical/337293,醫療,醫療焦點,,
食譜／活膚抗氧化！薏仁美白、玉米富含穀胱甘肽超強抗氧化－薏仁蔬菜湯,https://health.tvbs.com.tw/nutrition/337296,食譜,養生湯,影音,節目精華
看東西模糊、老花眼好轉要小心！醫揭白內障6大徵兆 手術後還會復發嗎？,https://health.tvbs.com.tw/review/337291,影音,如果云知道,醫療,醫療焦點
雞蛋有哪些營養？不只蛋白質 還有「這些」能預防心臟病、貧血 讓骨頭更健康,https://health.tvbs.com.tw/nutrition/337290,營養,營養對策,,
尾牙 吃「刈包」錢財滿錢包！營養師揭熱量地雷「這樣吃」保安康,https://health.tvbs.com.tw/nutrition/337289,營養,挑好食材,,
1/7補班日誰好運？天蠍樂透獲利！3星座有桃花和貴人！牡羊等6星座快規畫理財,https://health.tvbs.com.tw/life/337288,樂生活,命理星座,,
三高患者小心失智又手抖！醫師警告大腦中的「無聲殺手」,https://health.tvbs.com.tw/review/337287,影音,節目精華,醫療,醫療焦點
40歲女冒不明瘀青 一驗驚罹肝癌！醫曝3種瘀青要注意 小心你的肝腎出事了,https://health.tvbs.com.tw/medical/337276,醫療,醫療焦點,,
毛孩常嘔吐要注意，恐是「急性腸胃炎」！醫列「7原因」是引發元兇,https://health.tvbs.com.tw/life/337283,樂生活,過好日子,,
過碳酸鈉泡5分鐘 茶垢油汙除光光！「無毒教母」私房神物 水管異味也掰了,https://health.tvbs.com.tw/review/337268,影音,挖健康,樂生活,過好日子
爬梯膝蓋痛、蹲不下、站不起？「1功法」預防膝關節痛 2茶飲保護膝蓋,https://health.tvbs.com.tw/medical/337281,運動,氣功調氣,中醫,藥膳茶飲
頻尿不是泌尿道出問題 而是睡眠呼吸中止惹禍？江坤俊曝3招改善夜尿、頻尿,https://health.tvbs.com.tw/review/337280,影音,江P醫件事,醫療,醫療焦點
韓醫「四象體質」！快看你是哪種體質 太陽人加強脊椎、少陰人吃烏骨雞益氣,https://health.tvbs.com.tw/medical/337277,中醫,中醫治病,,
冬天喝雞湯暖身！搭「這種菇＋干貝」健脾補腎、袪濕利尿 處理雞多1步驟少油更健康,https://health.tvbs.com.tw/regimen/337261,食譜,養生湯,,
皮膚長斑變黑是吃出來的？吃香菜、九層塔、檸檬會變黑？醫揭「光敏感食物」,https://health.tvbs.com.tw/nutrition/337275,營養,挑好食材,,
保特瓶有塑化劑？誤會大了！醫說「這種」才有塑化劑 別挑彩色瓶子,https://health.tvbs.com.tw/life/337278,樂生活,過好日子,,
3種水果連皮吃控糖、降膽固醇、改善便祕！這種水果連皮吃 當心腹痛、腹瀉,https://health.tvbs.com.tw/nutrition/337272,營養,營養對策,,
男子左臉狂破皮 切片竟是罹皮膚癌！醫推1招辨別：你的皮膚乾癢是不是罹癌了,https://health.tvbs.com.tw/medical/337271,醫療,醫療焦點,,
本土+27281境外移入暴增395！出國玩換新護照 隔天才能辦疫苗數位證明,https://health.tvbs.com.tw/medical/337274,醫療,防疫快遞,,
過年健保卡不見怎麼看病？1招線上補辦健保卡能立即就醫,https://health.tvbs.com.tw/medical/337270,醫療,醫療焦點,,
中醫揭「6種ＮＧ飲食習慣」！三餐營養「這樣配」 脫離亞健康,https://health.tvbs.com.tw/nutrition/337269,營養,營養對策,,
BUFFET吃到飽健康攻略！吃對順序不傷胃、不怕胖 生魚片前先吃「1食物」,https://health.tvbs.com.tw/medical/337265,養生,養生保健,,
暖暖包不熱就丟？譚敦慈授1妙招延長壽命 冷掉還有「2隱藏用途」超實用,https://health.tvbs.com.tw/life/337267,影音,節目精華,樂生活,過好日子
停經後出血是逆齡回春？醫：當心子宮內膜病變來敲門！「這些族群」要小心,https://health.tvbs.com.tw/medical/337266,醫療,醫療焦點,,
跌倒撞到頭沒症狀別輕忽！當心隔日劇烈頭痛變超恐怖腦出血、恐致命！,https://health.tvbs.com.tw/medical/337264,醫療,醫療焦點,,
核桃好處多，能美肌、防老人癡呆、防口臭！一天吃「這數量」最剛好,https://health.tvbs.com.tw/nutrition/337263,營養,挑好食材,,
冬天進補、熬夜火氣大？營養師揭這些「天然滅火器食物」有助於退火！,https://health.tvbs.com.tw/nutrition/337262,營養,營養對策,,
食譜／過年圍爐吃鍋！砂鍋魚頭簡化只要3步驟 暖身又清爽－花雕酒香連鍋魚,https://health.tvbs.com.tw/nutrition/337260,食譜,滋補菜,影音,節目精華
「健康達人挑戰賽」每天走7000步 送150萬獎金、藍牙體重計、血壓計！,https://health.tvbs.com.tw/life/337259,樂生活,過好日子,,
眼睛疲勞吃莓果、指甲脆弱吃奶蛋！身體「9個小狀況」快看你該怎麼補,https://health.tvbs.com.tw/nutrition/337252,營養,營養對策,,
1/6今日星座運勢 天秤座財運有望得財、天蠍座獲利有賺頭 這星座正財收入超好,https://health.tvbs.com.tw/life/337258,樂生活,命理星座,,
譚敦慈教3步驟保存乾貨不長霉！醫師吃烏魚子必配2食物 不怕血壓高,https://health.tvbs.com.tw/review/337256,影音,節目精華,營養,挑好食材
莫名喘咳累？小心罹「菜瓜布肺」存活率不到1年比癌恐怖 預防做6件事、1關鍵不可漏,https://health.tvbs.com.tw/medical/337257,醫療,醫療焦點,,
磁場改變！生肖兔、龍注意2023健康最差 專家點名4生肖出門小心意外,https://health.tvbs.com.tw/life/337254,樂生活,命理星座,,
橄欖油怎麼挑？保養血管挑好油 冷壓初榨最營養 這1款油不能吃,https://health.tvbs.com.tw/nutrition/337251,營養,挑好食材,,
抗老、強心臟！中醫教超強「黃金3穴位」 疏肝、理氣、強心臟還能抬眉抗老,https://health.tvbs.com.tw/review/337247,影音,節目精華,中醫,穴位保健
工作常忘東忘西影響考績，原來是成人過動症害的！「神經生理回饋」練注意力,https://health.tvbs.com.tw/medical/337253,醫療,醫療焦點,,
每天2招逆轉泌尿道退化 改善老年頻尿、漏尿、尿失禁,https://health.tvbs.com.tw/review/337248,影音,節目精華,運動,健身運動
冬天來「便」卡卡！醫師破解「冬天便祕5狀況」讓你不用當廁所女神,https://health.tvbs.com.tw/medical/337250,醫療,醫療焦點,,
天冷喝「這碗湯」抗氧化抗老！營養師公開低卡私房食譜 三高族群也適合,https://health.tvbs.com.tw/nutrition/337246,營養,營養對策,,
醫師親身實驗：吃加工食品1周後就有驚人變化！食物會暗中破壞大腦,https://health.tvbs.com.tw/medical/337249,醫療,醫療焦點,,
陳鴻56歲了完全看不出來！原來他最愛吃「寶島水果」 營養師最推2種抗老水果,https://health.tvbs.com.tw/regimen/337244,養生,名人養生,,
魚油、紅麴、薑黃那些降膽固醇有效？最新研究曝光！這幾款害三酸甘油酯增加,https://health.tvbs.com.tw/nutrition/337243,營養,營養對策,,
XBB.1.5現蹤上海 民眾瘋搶「蒙脫石散」！醫：止瀉藥不能治病毒感染,https://health.tvbs.com.tw/medical/337240,醫療,防疫快遞,,
食譜／世間第一補物！香濃「粥油」補胃氣、防感冒 好處媲美參湯－米油海鮮粥,https://health.tvbs.com.tw/nutrition/337245,食譜,滋補菜,影音,節目精華
味噌湯可緩解更年期熱潮紅！醫：有吃保健品 6成輕症都有改善，重症還是要靠藥,https://health.tvbs.com.tw/nutrition/337241,營養,營養對策,,
溫差大「防中風」看3點！中醫教6步驟快速判斷中風 1茶飲助預防,https://health.tvbs.com.tw/medical/337242,醫療,醫療焦點,,
天冷來杯熱茶暖身！你喝對了嗎？中醫師揭茶6大好處 5種人小心不宜多喝,https://health.tvbs.com.tw/regimen/337237,養生,養生保健,,
又破3萬 本土+31078境外+436 ！1/9起安養院每周快篩 指揮中心：防疫物資備起來,https://health.tvbs.com.tw/medical/337239,醫療,防疫快遞,,
「大魔王級」蕁麻疹好癢怎麼辦？中醫「皮4針」刺激穴道 啟動自癒力,https://health.tvbs.com.tw/medical/337235,中醫,中醫治病,,
甜湯熱量圖鑑大公開！營養師點出「這些」養身甜湯 沒想像中的健康,https://health.tvbs.com.tw/nutrition/337236,營養,挑好食材,,
他才60歲高血壓竟倒地心肺停止！醫師用葉克膜與死神搶命 北慈救回65條人命,https://health.tvbs.com.tw/medical/337232,醫療,醫療焦點,,
吃錯更嚴重！感冒吃藥吃不好 試試中醫「分型」療法,https://health.tvbs.com.tw/medical/337234,醫療,醫療焦點,,
吃水果好養生，沒B肝也沒C肝帶原 他竟然得肝癌！,https://health.tvbs.com.tw/medical/337233,醫療,醫療焦點,,
男不抽菸愛運動罹胰臟癌3期！醫：95％胰臟癌與遺傳無關 都是愛吃這食物害的,https://health.tvbs.com.tw/medical/337230,醫療,醫療焦點,,
2/3肺癌患者不抽菸！威脅女性新國病 國健署靠「1方法」半年救160個家庭,https://health.tvbs.com.tw/medical/337229,癌症,抗癌醫學,,
尾牙聚餐多憂發胖？小心焦慮也會胖…營養師授飲食5技巧 讓你放鬆吃也不胖,https://health.tvbs.com.tw/regimen/337231,養生,聰明減肥,,
2023春節慢性病患領藥攻略！1/10起持慢箋可提前領藥 藥師曝服藥少吃2水果,https://health.tvbs.com.tw/medical/337228,醫療,醫療焦點,,
1/5今日星座運勢 水瓶貴人指點生財、巨蟹有金援 3星座單身感情運佳,https://health.tvbs.com.tw/life/337227,樂生活,命理星座,,
白髮、眼花不要來！這套「頭部按摩＋轉睛功法」舒緩疲勞、遠離眼疾 愈早做還可減少脫髮,https://health.tvbs.com.tw/regimen/337226,運動,氣功調氣,,
骨關節炎非開刀不可？「膠原結合胜肽」新技術露曙光！眼角膜破損也能再生,https://health.tvbs.com.tw/medical/337223,醫療,醫療焦點,,
頭暈、胸悶恐是高血壓前兆！小心藏腎臟病危機 正確用藥竟能顧腎？醫揭4大預防之道,https://health.tvbs.com.tw/review/337224,影音,明欣醫聊事,醫療,醫療焦點
全台最難掛號！關節名醫呂紹睿發現治癒退化性關節炎新希望 醫界：非唯一解方,https://health.tvbs.com.tw/medical/337216,醫療,醫療焦點,,
醫師教你超萬用的「減重3大原則」！「吃對」才是減重成功的第1步,https://health.tvbs.com.tw/nutrition/337222,養生,聰明減肥,,
關節退化疼痛不換人工關節怎麼辦？「這療法」減緩痛感 傷口小免住院,https://health.tvbs.com.tw/medical/337221,醫療,醫療焦點,,
怎樣判斷貓咪過胖？腰身、大腿「長這樣」就是胖！肥貓小心4疾病,https://health.tvbs.com.tw/review/337220,影音,節目精華,樂生活,過好日子
脂肪無罪，適量攝取是關鍵！營養師曝：脂肪囤在「這裡」最糟糕,https://health.tvbs.com.tw/nutrition/337219,營養,營養對策,,
減脂可以吃SUBWAY？營養師揭6款低熱量組合更安全 醬料這樣挑避開地雷,https://health.tvbs.com.tw/nutrition/337217,營養,營養對策,,
「蒸菜」健康概念掀百億商機 營養師說「這食材」別蒸！腎病和心律不整宜吃水煮菜,https://health.tvbs.com.tw/nutrition/337218,營養,營養對策,,
高慧君甲狀腺功能低下引發斜視、重影！視力出現「3情況」快驗抗體,https://health.tvbs.com.tw/medical/337213,醫療,健康星聞,,
小寒宜溫補？這類人亂補小心上火！中醫師教羊肉爐、薑母鴨、麻油雞這樣改良也能安心吃,https://health.tvbs.com.tw/regimen/337212,中醫,藥膳茶飲,,
蔡琴遭爆罹怪病！長期天旋地轉 耳鼻喉醫師1招改善眩暈、耳鳴,https://health.tvbs.com.tw/medical/337214,影音,節目精華,醫療,健康星聞
衝破3萬！本土+33330 境外移入「疫情以來最高」陸返台癌女2天亡,https://health.tvbs.com.tw/medical/337211,醫療,防疫快遞,,
醫籲：房間太冷恐有猝死風險！注意電暖器「5重點」 放對位置才能有效供暖,https://health.tvbs.com.tw/regimen/337210,養生,養生保健,,
冬瓜茶竟能止咳、化熱痰！加一味冬天還能補血明目！別和紅豆、醋一起吃,https://health.tvbs.com.tw/regimen/337209,中醫,藥膳茶飲,,
紅肉會致癌？每周只吃「這些」紅肉可降罹癌風險！醫曝防大腸癌必做1件事,https://health.tvbs.com.tw/medical/337207,癌症,癌症飲食,,
唇色、冒痘判斷身體狀況！這唇色可能熬夜過度、左臉痘跟肝有關 1茶飲適合冬天喝,https://health.tvbs.com.tw/medical/337208,養生,養生保健,,
醫藥費很貴壓力大？懂這些有機會可領3萬元補助！醫分享救急3管道,https://health.tvbs.com.tw/medical/337206,醫療,醫療焦點,,
走路配合3姿勢 減肥效果加倍！醫：「這種」步行速度燃脂效果佳 還能降死亡率,https://health.tvbs.com.tw/regimen/337205,養生,聰明減肥,,
小寒5星座財運旺！這星座另一半是最佳幫手 天秤別衝動投資,https://health.tvbs.com.tw/life/337204,樂生活,命理星座,,
全民普發現金！每人擬發6000元「2類人再加碼」 最快入帳時間、領取方式曝光,https://health.tvbs.com.tw/life/337203,樂生活,過好日子,,
年終尾牙抽獎快收5大開運祕招！強化偏財運、招財增好運 財神爺跟身邊,https://health.tvbs.com.tw/life/337202,樂生活,命理星座,,
聚餐負擔大？韓國代謝菜單「ABC果汁」，加益生菌促循環兼養顏美容,https://health.tvbs.com.tw/Guangbian/337106,廣告業務,,,
1/4星座運勢 一切漸入佳境 天蠍投資精準 雙魚桃花旺「這星座」老闆關愛,https://health.tvbs.com.tw/life/337200,樂生活,命理星座,,
醫揭雌激素過多的「9大原因」！癌症、憂鬱、失眠都是因為「它」在惹禍,https://health.tvbs.com.tw/medical/337201,醫療,醫療焦點,,
大閘蟹檢出致癌物「戴奧辛」超標！6400公斤退運銷毀 日本草莓、智利櫻桃農藥殘留,https://health.tvbs.com.tw/medical/337198,營養,食安陷阱,,
雞排妹自揭55身「矮肥短」黑歷史！誰無過去？「這樣吃」出7頭身好身材、10年不復胖,https://health.tvbs.com.tw/nutrition/337199,養生,名人養生,,
陳昇罹口腔癌嚇到交代後事，舌頭仍1/3麻木！醫提醒「1行為」讓癌細胞長不停,https://health.tvbs.com.tw/medical/337196,醫療,健康星聞,,
天氣冷好疲倦？中醫推熱敷「4穴位」趕走「溫差型疲勞」找回活力,https://health.tvbs.com.tw/regimen/337194,中醫,穴位保健,,
小寒吃臘八粥補氣暖身！中醫師推加「四神」更養生 這樣煮遠離心血管疾病風險,https://health.tvbs.com.tw/regimen/337195,中醫,藥膳茶飲,,
食譜／冬季養生進補有法寶！黃耆、玉竹煲湯 補氣又補虛－黃耆玉竹蓮子雞湯,https://health.tvbs.com.tw/nutrition/337193,食譜,養生湯,影音,節目精華
狂被「靜電」電到恐是身體缺氧！醫警告：小心失智、心血管疾病 5招擺脫靜電,https://health.tvbs.com.tw/regimen/337192,養生,養生保健,,
影帝糖尿病全身虛要人扶！萬梓良站不穩，醫曝3原因糖尿病暴瘦無力 光控三高還不夠,https://health.tvbs.com.tw/medical/337191,醫療,健康星聞,,
食譜／天冷防猝死先降三高！茶泡飯這樣做更健康 幫你保護心血管－烏魚蒜苗紅茶湯泡飯,https://health.tvbs.com.tw/nutrition/337189,食譜,滋補菜,影音,節目精華
天氣冷會害你自律神經失調！擾亂自律神經9黑幕曝光 肌力不足、吃太快注意了,https://health.tvbs.com.tw/regimen/337187,醫療,醫療焦點,,
本土+24649 BQ.1竄升 恐成為下一波主流！1/6起中轉旅客要PCR或快篩,https://health.tvbs.com.tw/medical/337190,醫療,防疫快遞,,
XBB.1.5大魔王 1人感染立傳2人！免疫逃脫強 醫：次世代疫苗快打起來,https://health.tvbs.com.tw/medical/337186,醫療,防疫快遞,,
湯圓不怕剩下來！網傳2超夯新吃法 營養師曝「這樣吃」熱量暴增3倍,https://health.tvbs.com.tw/nutrition/337184,營養,營養對策,,
橘子白絲要剝掉嗎？柑橘白絡含「2成分」降血脂、控血壓血糖 還抗便祕、防感冒,https://health.tvbs.com.tw/nutrition/337182,營養,挑好食材,,
唐琪81歲皮膚沒細紋！保養品竟是水晶肥皂！醫說「這膚質」用了恐怕紋更多，洗後得保濕,https://health.tvbs.com.tw/medical/337183,養生,名人養生,,
好天氣快來了！北台持續濕涼、轉晴時間點曝 下波冷空氣這天再報到,https://health.tvbs.com.tw/life/337181,樂生活,過好日子,,
小寒要來了！「4大禁忌」小心踩雷 觸犯恐傷健康走霉運 做事會失敗,https://health.tvbs.com.tw/life/337180,樂生活,命理星座,,
小寒首重補腎防寒！中醫師揭養生3關鍵 4穴位助保暖、熱粥熱湯這樣做健康升級,https://health.tvbs.com.tw/regimen/337161,中醫,穴位保健,,
40歲女腋下長脂肪顆粒竟是高血脂找上門！醫警告4種脂肪瘤快開刀 小心癌變,https://health.tvbs.com.tw/medical/337179,醫療,醫療焦點,,
虎年最後一次天赦日，改運靠這天！拜拜準備脫殼類供品 求神特別靈驗,https://health.tvbs.com.tw/life/337178,樂生活,命理星座,,
1/3今日星座運勢 事情發展加速 麻煩即將來臨！「4星座」請注意理財時機,https://health.tvbs.com.tw/life/337177,樂生活,命理星座,,
2023年12生肖財運曝光！3生肖財運超旺 命理專家教你趨吉避凶,https://health.tvbs.com.tw/life/337157,樂生活,命理星座,,
2023養膚抗衰新觀念！定時為皮膚儲蓄膠原蛋白,https://health.tvbs.com.tw/Guangbian/337090,廣告業務,,,
本土今+16524！大陸返台「唾液PCR」首日 桃機524人27.8%陽性,https://health.tvbs.com.tw/medical/337167,醫療,防疫快遞,,
常Ｋ歌、電音派對？老年性聽損沒藥醫！醫授「5大生活處方」年輕就該預防,https://health.tvbs.com.tw/review/337153,影音,名醫觀點,,
1/2今日星座運勢 巨蟹大膽開發財路、獅子進帳切勿張揚 7星座有好財運,https://health.tvbs.com.tw/life/337136,樂生活,命理星座,,
2023第1天 COVID-19確診暴升43％！6都確診都好幾千人！40歲女確診咳血隔日亡,https://health.tvbs.com.tw/medical/337166,醫療,防疫快遞,,
2023年第一周生肖運勢！兔、羊財運亨通 狗提防詐騙 1生肖小心變成「待宰羔羊」,https://health.tvbs.com.tw/life/337139,樂生活,命理星座,,
1/1今日星座運勢 2023元旦12星座財運大公開！這星座最幸運有意外之財,https://health.tvbs.com.tw/life/337160,樂生活,命理星座,,